id,prop_id,forge_exp_num,forge_exp_level,forge_award_type,award_id,award_num,null
1,80101,10,1,1,0,2500,0
2,80101,20,2,2,0,2500,0
3,80101,30,3,3,801020,1,0
4,80101,50,4,1,0,5000,0
5,80101,80,5,2,0,5000,0
6,80102,10,1,1,0,2500,0
7,80102,20,2,2,0,2500,0
8,80102,30,3,3,801030,1,0
9,80102,50,4,1,0,5000,0
10,80102,80,5,2,0,5000,0
11,80103,10,1,1,0,2500,0
12,80103,20,2,2,0,2500,0
13,80103,30,3,3,801040,1,0
14,80103,50,4,1,0,5000,0
15,80103,80,5,2,0,5000,0
16,80104,10,1,1,0,2500,0
17,80104,20,2,2,0,2500,0
18,80104,30,3,3,801050,1,0
19,80104,50,4,1,0,5000,0
20,80104,80,5,2,0,5000,0
21,80105,10,1,1,0,2500,0
22,80105,20,2,2,0,2500,0
23,80105,30,3,3,801060,1,0
24,80105,50,4,1,0,5000,0
25,80105,80,5,2,0,5000,0
26,80106,10,1,1,0,2500,0
27,80106,20,2,2,0,2500,0
28,80106,30,3,3,801070,1,0
29,80106,50,4,1,0,5000,0
30,80106,80,5,2,0,5000,0
31,80107,10,1,1,0,2500,0
32,80107,20,2,2,0,2500,0
33,80107,30,3,3,801080,1,0
34,80107,50,4,1,0,5000,0
35,80107,80,5,2,0,5000,0
36,80108,10,1,1,0,2500,0
37,80108,20,2,2,0,2500,0
38,80108,30,3,3,801090,1,0
39,80108,50,4,1,0,5000,0
40,80108,80,5,2,0,5000,0
41,80109,10,1,1,0,2500,0
42,80109,20,2,2,0,2500,0
43,80109,30,3,3,801100,1,0
44,80109,50,4,1,0,5000,0
45,80109,80,5,2,0,5000,0
46,80110,10,1,1,0,2500,0
47,80110,20,2,2,0,2500,0
48,80110,30,3,3,801110,1,0
49,80110,50,4,1,0,5000,0
50,80110,80,5,2,0,5000,0
51,80111,10,1,1,0,2500,0
52,80111,20,2,2,0,2500,0
53,80111,30,3,3,801120,1,0
54,80111,50,4,1,0,5000,0
55,80111,80,5,2,0,5000,0
56,80112,10,1,1,0,2500,0
57,80112,20,2,2,0,2500,0
58,80112,30,3,3,801130,1,0
59,80112,50,4,1,0,5000,0
60,80112,80,5,2,0,5000,0
61,80113,10,1,1,0,2500,0
62,80113,20,2,2,0,2500,0
63,80113,30,3,3,801140,1,0
64,80113,50,4,1,0,5000,0
65,80113,80,5,2,0,5000,0
66,80114,10,1,1,0,2500,0
67,80114,20,2,2,0,2500,0
68,80114,30,3,3,801150,1,0
69,80114,50,4,1,0,5000,0
70,80114,80,5,2,0,5000,0
71,80115,10,1,1,0,2500,0
72,80115,20,2,2,0,2500,0
73,80115,30,3,3,801160,1,0
74,80115,50,4,1,0,5000,0
75,80115,80,5,2,0,5000,0
76,80116,10,1,1,0,2500,0
77,80116,20,2,2,0,2500,0
78,80116,30,3,3,801170,1,0
79,80116,50,4,1,0,5000,0
80,80116,80,5,2,0,5000,0
81,80117,10,1,1,0,2500,0
82,80117,20,2,2,0,2500,0
83,80117,30,3,3,801180,1,0
84,80117,50,4,1,0,5000,0
85,80117,80,5,2,0,5000,0
86,80118,10,1,1,0,2500,0
87,80118,20,2,2,0,2500,0
88,80118,30,3,3,801190,1,0
89,80118,50,4,1,0,5000,0
90,80118,80,5,2,0,5000,0
91,80119,10,1,1,0,2500,0
92,80119,20,2,2,0,2500,0
93,80119,30,3,3,801200,1,0
94,80119,50,4,1,0,5000,0
95,80119,80,5,2,0,5000,0
96,80120,10,1,1,0,2500,0
97,80120,20,2,2,0,2500,0
98,80120,30,3,1,0,5000,0
99,80120,50,4,2,0,5000,0
100,80120,80,5,2,0,10000,0
101,80201,10,1,1,0,2500,0
102,80201,20,2,2,0,2500,0
103,80201,30,3,3,802020,1,0
104,80201,50,4,1,0,5000,0
105,80201,80,5,2,0,5000,0
106,80202,10,1,1,0,2500,0
107,80202,20,2,2,0,2500,0
108,80202,30,3,3,802030,1,0
109,80202,50,4,1,0,5000,0
110,80202,80,5,2,0,5000,0
111,80203,10,1,1,0,2500,0
112,80203,20,2,2,0,2500,0
113,80203,30,3,3,802040,1,0
114,80203,50,4,1,0,5000,0
115,80203,80,5,2,0,5000,0
116,80204,10,1,1,0,2500,0
117,80204,20,2,2,0,2500,0
118,80204,30,3,3,802050,1,0
119,80204,50,4,1,0,5000,0
120,80204,80,5,2,0,5000,0
121,80205,10,1,1,0,2500,0
122,80205,20,2,2,0,2500,0
123,80205,30,3,3,802060,1,0
124,80205,50,4,1,0,5000,0
125,80205,80,5,2,0,5000,0
126,80206,10,1,1,0,2500,0
127,80206,20,2,2,0,2500,0
128,80206,30,3,3,802070,1,0
129,80206,50,4,1,0,5000,0
130,80206,80,5,2,0,5000,0
131,80207,10,1,1,0,2500,0
132,80207,20,2,2,0,2500,0
133,80207,30,3,3,802080,1,0
134,80207,50,4,1,0,5000,0
135,80207,80,5,2,0,5000,0
136,80208,10,1,1,0,2500,0
137,80208,20,2,2,0,2500,0
138,80208,30,3,3,802090,1,0
139,80208,50,4,1,0,5000,0
140,80208,80,5,2,0,5000,0
141,80209,10,1,1,0,2500,0
142,80209,20,2,2,0,2500,0
143,80209,30,3,3,802100,1,0
144,80209,50,4,1,0,5000,0
145,80209,80,5,2,0,5000,0
146,80210,10,1,1,0,2500,0
147,80210,20,2,2,0,2500,0
148,80210,30,3,3,802110,1,0
149,80210,50,4,1,0,5000,0
150,80210,80,5,2,0,5000,0
151,80211,10,1,1,0,2500,0
152,80211,20,2,2,0,2500,0
153,80211,30,3,3,802120,1,0
154,80211,50,4,1,0,5000,0
155,80211,80,5,2,0,5000,0
156,80212,10,1,1,0,2500,0
157,80212,20,2,2,0,2500,0
158,80212,30,3,3,802130,1,0
159,80212,50,4,1,0,5000,0
160,80212,80,5,2,0,5000,0
161,80213,10,1,1,0,2500,0
162,80213,20,2,2,0,2500,0
163,80213,30,3,3,802140,1,0
164,80213,50,4,1,0,5000,0
165,80213,80,5,2,0,5000,0
166,80214,10,1,1,0,2500,0
167,80214,20,2,2,0,2500,0
168,80214,30,3,3,802150,1,0
169,80214,50,4,1,0,5000,0
170,80214,80,5,2,0,5000,0
171,80215,10,1,1,0,2500,0
172,80215,20,2,2,0,2500,0
173,80215,30,3,3,802160,1,0
174,80215,50,4,1,0,5000,0
175,80215,80,5,2,0,5000,0
176,80216,10,1,1,0,2500,0
177,80216,20,2,2,0,2500,0
178,80216,30,3,3,802170,1,0
179,80216,50,4,1,0,5000,0
180,80216,80,5,2,0,5000,0
181,80217,10,1,1,0,2500,0
182,80217,20,2,2,0,2500,0
183,80217,30,3,3,802180,1,0
184,80217,50,4,1,0,5000,0
185,80217,80,5,2,0,5000,0
186,80218,10,1,1,0,2500,0
187,80218,20,2,2,0,2500,0
188,80218,30,3,3,802190,1,0
189,80218,50,4,1,0,5000,0
190,80218,80,5,2,0,5000,0
191,80219,10,1,1,0,2500,0
192,80219,20,2,2,0,2500,0
193,80219,30,3,3,802200,1,0
194,80219,50,4,1,0,5000,0
195,80219,80,5,2,0,5000,0
196,80220,10,1,1,0,2500,0
197,80220,20,2,2,0,2500,0
198,80220,30,3,1,0,5000,0
199,80220,50,4,2,0,5000,0
200,80220,80,5,2,0,10000,0
201,80301,10,1,1,0,2500,0
202,80301,20,2,2,0,2500,0
203,80301,30,3,3,803020,1,0
204,80301,50,4,1,0,5000,0
205,80301,80,5,2,0,5000,0
206,80302,10,1,1,0,2500,0
207,80302,20,2,2,0,2500,0
208,80302,30,3,3,803030,1,0
209,80302,50,4,1,0,5000,0
210,80302,80,5,2,0,5000,0
211,80303,10,1,1,0,2500,0
212,80303,20,2,2,0,2500,0
213,80303,30,3,3,803040,1,0
214,80303,50,4,1,0,5000,0
215,80303,80,5,2,0,5000,0
216,80304,10,1,1,0,2500,0
217,80304,20,2,2,0,2500,0
218,80304,30,3,3,803050,1,0
219,80304,50,4,1,0,5000,0
220,80304,80,5,2,0,5000,0
221,80305,10,1,1,0,2500,0
222,80305,20,2,2,0,2500,0
223,80305,30,3,3,803060,1,0
224,80305,50,4,1,0,5000,0
225,80305,80,5,2,0,5000,0
226,80306,10,1,1,0,2500,0
227,80306,20,2,2,0,2500,0
228,80306,30,3,3,803070,1,0
229,80306,50,4,1,0,5000,0
230,80306,80,5,2,0,5000,0
231,80307,10,1,1,0,2500,0
232,80307,20,2,2,0,2500,0
233,80307,30,3,3,803080,1,0
234,80307,50,4,1,0,5000,0
235,80307,80,5,2,0,5000,0
236,80308,10,1,1,0,2500,0
237,80308,20,2,2,0,2500,0
238,80308,30,3,3,803090,1,0
239,80308,50,4,1,0,5000,0
240,80308,80,5,2,0,5000,0
241,80309,10,1,1,0,2500,0
242,80309,20,2,2,0,2500,0
243,80309,30,3,3,803100,1,0
244,80309,50,4,1,0,5000,0
245,80309,80,5,2,0,5000,0
246,80310,10,1,1,0,2500,0
247,80310,20,2,2,0,2500,0
248,80310,30,3,3,803110,1,0
249,80310,50,4,1,0,5000,0
250,80310,80,5,2,0,5000,0
251,80311,10,1,1,0,2500,0
252,80311,20,2,2,0,2500,0
253,80311,30,3,3,803120,1,0
254,80311,50,4,1,0,5000,0
255,80311,80,5,2,0,5000,0
256,80312,10,1,1,0,2500,0
257,80312,20,2,2,0,2500,0
258,80312,30,3,3,803130,1,0
259,80312,50,4,1,0,5000,0
260,80312,80,5,2,0,5000,0
261,80313,10,1,1,0,2500,0
262,80313,20,2,2,0,2500,0
263,80313,30,3,3,803140,1,0
264,80313,50,4,1,0,5000,0
265,80313,80,5,2,0,5000,0
266,80314,10,1,1,0,2500,0
267,80314,20,2,2,0,2500,0
268,80314,30,3,3,803150,1,0
269,80314,50,4,1,0,5000,0
270,80314,80,5,2,0,5000,0
271,80315,10,1,1,0,2500,0
272,80315,20,2,2,0,2500,0
273,80315,30,3,3,803160,1,0
274,80315,50,4,1,0,5000,0
275,80315,80,5,2,0,5000,0
276,80316,10,1,1,0,2500,0
277,80316,20,2,2,0,2500,0
278,80316,30,3,3,803170,1,0
279,80316,50,4,1,0,5000,0
280,80316,80,5,2,0,5000,0
281,80317,10,1,1,0,2500,0
282,80317,20,2,2,0,2500,0
283,80317,30,3,3,803180,1,0
284,80317,50,4,1,0,5000,0
285,80317,80,5,2,0,5000,0
286,80318,10,1,1,0,2500,0
287,80318,20,2,2,0,2500,0
288,80318,30,3,3,803190,1,0
289,80318,50,4,1,0,5000,0
290,80318,80,5,2,0,5000,0
291,80319,10,1,1,0,2500,0
292,80319,20,2,2,0,2500,0
293,80319,30,3,3,803200,1,0
294,80319,50,4,1,0,5000,0
295,80319,80,5,2,0,5000,0
296,80320,10,1,1,0,2500,0
297,80320,20,2,2,0,2500,0
298,80320,30,3,1,0,5000,0
299,80320,50,4,2,0,5000,0
300,80320,80,5,2,0,10000,0
301,80401,10,1,1,0,2500,0
302,80401,20,2,2,0,2500,0
303,80401,30,3,3,804020,1,0
304,80401,50,4,1,0,5000,0
305,80401,80,5,2,0,5000,0
306,80402,10,1,1,0,2500,0
307,80402,20,2,2,0,2500,0
308,80402,30,3,3,804030,1,0
309,80402,50,4,1,0,5000,0
310,80402,80,5,2,0,5000,0
311,80403,10,1,1,0,2500,0
312,80403,20,2,2,0,2500,0
313,80403,30,3,3,804040,1,0
314,80403,50,4,1,0,5000,0
315,80403,80,5,2,0,5000,0
316,80404,10,1,1,0,2500,0
317,80404,20,2,2,0,2500,0
318,80404,30,3,3,804050,1,0
319,80404,50,4,1,0,5000,0
320,80404,80,5,2,0,5000,0
321,80405,10,1,1,0,2500,0
322,80405,20,2,2,0,2500,0
323,80405,30,3,3,804060,1,0
324,80405,50,4,1,0,5000,0
325,80405,80,5,2,0,5000,0
326,80406,10,1,1,0,2500,0
327,80406,20,2,2,0,2500,0
328,80406,30,3,3,804070,1,0
329,80406,50,4,1,0,5000,0
330,80406,80,5,2,0,5000,0
331,80407,10,1,1,0,2500,0
332,80407,20,2,2,0,2500,0
333,80407,30,3,3,804080,1,0
334,80407,50,4,1,0,5000,0
335,80407,80,5,2,0,5000,0
336,80408,10,1,1,0,2500,0
337,80408,20,2,2,0,2500,0
338,80408,30,3,3,804090,1,0
339,80408,50,4,1,0,5000,0
340,80408,80,5,2,0,5000,0
341,80409,10,1,1,0,2500,0
342,80409,20,2,2,0,2500,0
343,80409,30,3,3,804100,1,0
344,80409,50,4,1,0,5000,0
345,80409,80,5,2,0,5000,0
346,80410,10,1,1,0,2500,0
347,80410,20,2,2,0,2500,0
348,80410,30,3,3,804110,1,0
349,80410,50,4,1,0,5000,0
350,80410,80,5,2,0,5000,0
351,80411,10,1,1,0,2500,0
352,80411,20,2,2,0,2500,0
353,80411,30,3,3,804120,1,0
354,80411,50,4,1,0,5000,0
355,80411,80,5,2,0,5000,0
356,80412,10,1,1,0,2500,0
357,80412,20,2,2,0,2500,0
358,80412,30,3,3,804130,1,0
359,80412,50,4,1,0,5000,0
360,80412,80,5,2,0,5000,0
361,80413,10,1,1,0,2500,0
362,80413,20,2,2,0,2500,0
363,80413,30,3,3,804140,1,0
364,80413,50,4,1,0,5000,0
365,80413,80,5,2,0,5000,0
366,80414,10,1,1,0,2500,0
367,80414,20,2,2,0,2500,0
368,80414,30,3,3,804150,1,0
369,80414,50,4,1,0,5000,0
370,80414,80,5,2,0,5000,0
371,80415,10,1,1,0,2500,0
372,80415,20,2,2,0,2500,0
373,80415,30,3,3,804160,1,0
374,80415,50,4,1,0,5000,0
375,80415,80,5,2,0,5000,0
376,80416,10,1,1,0,2500,0
377,80416,20,2,2,0,2500,0
378,80416,30,3,3,804170,1,0
379,80416,50,4,1,0,5000,0
380,80416,80,5,2,0,5000,0
381,80417,10,1,1,0,2500,0
382,80417,20,2,2,0,2500,0
383,80417,30,3,3,804180,1,0
384,80417,50,4,1,0,5000,0
385,80417,80,5,2,0,5000,0
386,80418,10,1,1,0,2500,0
387,80418,20,2,2,0,2500,0
388,80418,30,3,3,804190,1,0
389,80418,50,4,1,0,5000,0
390,80418,80,5,2,0,5000,0
391,80419,10,1,1,0,2500,0
392,80419,20,2,2,0,2500,0
393,80419,30,3,3,804200,1,0
394,80419,50,4,1,0,5000,0
395,80419,80,5,2,0,5000,0
396,80420,10,1,1,0,2500,0
397,80420,20,2,2,0,2500,0
398,80420,30,3,1,0,5000,0
399,80420,50,4,2,0,5000,0
400,80420,80,5,2,0,10000,0
401,80501,10,1,1,0,2500,0
402,80501,20,2,2,0,2500,0
403,80501,30,3,3,805020,1,0
404,80501,50,4,1,0,5000,0
405,80501,80,5,2,0,5000,0
406,80502,10,1,1,0,2500,0
407,80502,20,2,2,0,2500,0
408,80502,30,3,3,805030,1,0
409,80502,50,4,1,0,5000,0
410,80502,80,5,2,0,5000,0
411,80503,10,1,1,0,2500,0
412,80503,20,2,2,0,2500,0
413,80503,30,3,3,805040,1,0
414,80503,50,4,1,0,5000,0
415,80503,80,5,2,0,5000,0
416,80504,10,1,1,0,2500,0
417,80504,20,2,2,0,2500,0
418,80504,30,3,3,805050,1,0
419,80504,50,4,1,0,5000,0
420,80504,80,5,2,0,5000,0
421,80505,10,1,1,0,2500,0
422,80505,20,2,2,0,2500,0
423,80505,30,3,3,805060,1,0
424,80505,50,4,1,0,5000,0
425,80505,80,5,2,0,5000,0
426,80506,10,1,1,0,2500,0
427,80506,20,2,2,0,2500,0
428,80506,30,3,3,805070,1,0
429,80506,50,4,1,0,5000,0
430,80506,80,5,2,0,5000,0
431,80507,10,1,1,0,2500,0
432,80507,20,2,2,0,2500,0
433,80507,30,3,3,805080,1,0
434,80507,50,4,1,0,5000,0
435,80507,80,5,2,0,5000,0
436,80508,10,1,1,0,2500,0
437,80508,20,2,2,0,2500,0
438,80508,30,3,3,805090,1,0
439,80508,50,4,1,0,5000,0
440,80508,80,5,2,0,5000,0
441,80509,10,1,1,0,2500,0
442,80509,20,2,2,0,2500,0
443,80509,30,3,3,805100,1,0
444,80509,50,4,1,0,5000,0
445,80509,80,5,2,0,5000,0
446,80510,10,1,1,0,2500,0
447,80510,20,2,2,0,2500,0
448,80510,30,3,3,805110,1,0
449,80510,50,4,1,0,5000,0
450,80510,80,5,2,0,5000,0
451,80511,10,1,1,0,2500,0
452,80511,20,2,2,0,2500,0
453,80511,30,3,3,805120,1,0
454,80511,50,4,1,0,5000,0
455,80511,80,5,2,0,5000,0
456,80512,10,1,1,0,2500,0
457,80512,20,2,2,0,2500,0
458,80512,30,3,3,805130,1,0
459,80512,50,4,1,0,5000,0
460,80512,80,5,2,0,5000,0
461,80513,10,1,1,0,2500,0
462,80513,20,2,2,0,2500,0
463,80513,30,3,3,805140,1,0
464,80513,50,4,1,0,5000,0
465,80513,80,5,2,0,5000,0
466,80514,10,1,1,0,2500,0
467,80514,20,2,2,0,2500,0
468,80514,30,3,3,805150,1,0
469,80514,50,4,1,0,5000,0
470,80514,80,5,2,0,5000,0
471,80515,10,1,1,0,2500,0
472,80515,20,2,2,0,2500,0
473,80515,30,3,3,805160,1,0
474,80515,50,4,1,0,5000,0
475,80515,80,5,2,0,5000,0
476,80516,10,1,1,0,2500,0
477,80516,20,2,2,0,2500,0
478,80516,30,3,3,805170,1,0
479,80516,50,4,1,0,5000,0
480,80516,80,5,2,0,5000,0
481,80517,10,1,1,0,2500,0
482,80517,20,2,2,0,2500,0
483,80517,30,3,3,805180,1,0
484,80517,50,4,1,0,5000,0
485,80517,80,5,2,0,5000,0
486,80518,10,1,1,0,2500,0
487,80518,20,2,2,0,2500,0
488,80518,30,3,3,805190,1,0
489,80518,50,4,1,0,5000,0
490,80518,80,5,2,0,5000,0
491,80519,10,1,1,0,2500,0
492,80519,20,2,2,0,2500,0
493,80519,30,3,3,805200,1,0
494,80519,50,4,1,0,5000,0
495,80519,80,5,2,0,5000,0
496,80520,10,1,1,0,2500,0
497,80520,20,2,2,0,2500,0
498,80520,30,3,1,0,5000,0
499,80520,50,4,2,0,5000,0
500,80520,80,5,2,0,10000,0
501,80601,10,1,1,0,2500,0
502,80601,20,2,2,0,2500,0
503,80601,30,3,3,806020,1,0
504,80601,50,4,1,0,5000,0
505,80601,80,5,2,0,5000,0
506,80602,10,1,1,0,2500,0
507,80602,20,2,2,0,2500,0
508,80602,30,3,3,806030,1,0
509,80602,50,4,1,0,5000,0
510,80602,80,5,2,0,5000,0
511,80603,10,1,1,0,2500,0
512,80603,20,2,2,0,2500,0
513,80603,30,3,3,806040,1,0
514,80603,50,4,1,0,5000,0
515,80603,80,5,2,0,5000,0
516,80604,10,1,1,0,2500,0
517,80604,20,2,2,0,2500,0
518,80604,30,3,3,806050,1,0
519,80604,50,4,1,0,5000,0
520,80604,80,5,2,0,5000,0
521,80605,10,1,1,0,2500,0
522,80605,20,2,2,0,2500,0
523,80605,30,3,3,806060,1,0
524,80605,50,4,1,0,5000,0
525,80605,80,5,2,0,5000,0
526,80606,10,1,1,0,2500,0
527,80606,20,2,2,0,2500,0
528,80606,30,3,3,806070,1,0
529,80606,50,4,1,0,5000,0
530,80606,80,5,2,0,5000,0
531,80607,10,1,1,0,2500,0
532,80607,20,2,2,0,2500,0
533,80607,30,3,3,806080,1,0
534,80607,50,4,1,0,5000,0
535,80607,80,5,2,0,5000,0
536,80608,10,1,1,0,2500,0
537,80608,20,2,2,0,2500,0
538,80608,30,3,3,806090,1,0
539,80608,50,4,1,0,5000,0
540,80608,80,5,2,0,5000,0
541,80609,10,1,1,0,2500,0
542,80609,20,2,2,0,2500,0
543,80609,30,3,3,806100,1,0
544,80609,50,4,1,0,5000,0
545,80609,80,5,2,0,5000,0
546,80610,10,1,1,0,2500,0
547,80610,20,2,2,0,2500,0
548,80610,30,3,3,806110,1,0
549,80610,50,4,1,0,5000,0
550,80610,80,5,2,0,5000,0
551,80611,10,1,1,0,2500,0
552,80611,20,2,2,0,2500,0
553,80611,30,3,3,806120,1,0
554,80611,50,4,1,0,5000,0
555,80611,80,5,2,0,5000,0
556,80612,10,1,1,0,2500,0
557,80612,20,2,2,0,2500,0
558,80612,30,3,3,806130,1,0
559,80612,50,4,1,0,5000,0
560,80612,80,5,2,0,5000,0
561,80613,10,1,1,0,2500,0
562,80613,20,2,2,0,2500,0
563,80613,30,3,3,806140,1,0
564,80613,50,4,1,0,5000,0
565,80613,80,5,2,0,5000,0
566,80614,10,1,1,0,2500,0
567,80614,20,2,2,0,2500,0
568,80614,30,3,3,806150,1,0
569,80614,50,4,1,0,5000,0
570,80614,80,5,2,0,5000,0
571,80615,10,1,1,0,2500,0
572,80615,20,2,2,0,2500,0
573,80615,30,3,3,806160,1,0
574,80615,50,4,1,0,5000,0
575,80615,80,5,2,0,5000,0
576,80616,10,1,1,0,2500,0
577,80616,20,2,2,0,2500,0
578,80616,30,3,3,806170,1,0
579,80616,50,4,1,0,5000,0
580,80616,80,5,2,0,5000,0
581,80617,10,1,1,0,2500,0
582,80617,20,2,2,0,2500,0
583,80617,30,3,3,806180,1,0
584,80617,50,4,1,0,5000,0
585,80617,80,5,2,0,5000,0
586,80618,10,1,1,0,2500,0
587,80618,20,2,2,0,2500,0
588,80618,30,3,3,806190,1,0
589,80618,50,4,1,0,5000,0
590,80618,80,5,2,0,5000,0
591,80619,10,1,1,0,2500,0
592,80619,20,2,2,0,2500,0
593,80619,30,3,3,806200,1,0
594,80619,50,4,1,0,5000,0
595,80619,80,5,2,0,5000,0
596,80620,10,1,1,0,2500,0
597,80620,20,2,2,0,2500,0
598,80620,30,3,1,0,5000,0
599,80620,50,4,2,0,5000,0
600,80620,80,5,2,0,10000,0
601,80701,10,1,1,0,2500,0
602,80701,20,2,2,0,2500,0
603,80701,30,3,3,807020,1,0
604,80701,50,4,1,0,5000,0
605,80701,80,5,2,0,5000,0
606,80702,10,1,1,0,2500,0
607,80702,20,2,2,0,2500,0
608,80702,30,3,3,807030,1,0
609,80702,50,4,1,0,5000,0
610,80702,80,5,2,0,5000,0
611,80703,10,1,1,0,2500,0
612,80703,20,2,2,0,2500,0
613,80703,30,3,3,807040,1,0
614,80703,50,4,1,0,5000,0
615,80703,80,5,2,0,5000,0
616,80704,10,1,1,0,2500,0
617,80704,20,2,2,0,2500,0
618,80704,30,3,3,807050,1,0
619,80704,50,4,1,0,5000,0
620,80704,80,5,2,0,5000,0
621,80705,10,1,1,0,2500,0
622,80705,20,2,2,0,2500,0
623,80705,30,3,3,807060,1,0
624,80705,50,4,1,0,5000,0
625,80705,80,5,2,0,5000,0
626,80706,10,1,1,0,2500,0
627,80706,20,2,2,0,2500,0
628,80706,30,3,3,807070,1,0
629,80706,50,4,1,0,5000,0
630,80706,80,5,2,0,5000,0
631,80707,10,1,1,0,2500,0
632,80707,20,2,2,0,2500,0
633,80707,30,3,3,807080,1,0
634,80707,50,4,1,0,5000,0
635,80707,80,5,2,0,5000,0
636,80708,10,1,1,0,2500,0
637,80708,20,2,2,0,2500,0
638,80708,30,3,3,807090,1,0
639,80708,50,4,1,0,5000,0
640,80708,80,5,2,0,5000,0
641,80709,10,1,1,0,2500,0
642,80709,20,2,2,0,2500,0
643,80709,30,3,3,807100,1,0
644,80709,50,4,1,0,5000,0
645,80709,80,5,2,0,5000,0
646,80710,10,1,1,0,2500,0
647,80710,20,2,2,0,2500,0
648,80710,30,3,3,807110,1,0
649,80710,50,4,1,0,5000,0
650,80710,80,5,2,0,5000,0
651,80711,10,1,1,0,2500,0
652,80711,20,2,2,0,2500,0
653,80711,30,3,3,807120,1,0
654,80711,50,4,1,0,5000,0
655,80711,80,5,2,0,5000,0
656,80712,10,1,1,0,2500,0
657,80712,20,2,2,0,2500,0
658,80712,30,3,3,807130,1,0
659,80712,50,4,1,0,5000,0
660,80712,80,5,2,0,5000,0
661,80713,10,1,1,0,2500,0
662,80713,20,2,2,0,2500,0
663,80713,30,3,3,807140,1,0
664,80713,50,4,1,0,5000,0
665,80713,80,5,2,0,5000,0
666,80714,10,1,1,0,2500,0
667,80714,20,2,2,0,2500,0
668,80714,30,3,3,807150,1,0
669,80714,50,4,1,0,5000,0
670,80714,80,5,2,0,5000,0
671,80715,10,1,1,0,2500,0
672,80715,20,2,2,0,2500,0
673,80715,30,3,3,807160,1,0
674,80715,50,4,1,0,5000,0
675,80715,80,5,2,0,5000,0
676,80716,10,1,1,0,2500,0
677,80716,20,2,2,0,2500,0
678,80716,30,3,3,807170,1,0
679,80716,50,4,1,0,5000,0
680,80716,80,5,2,0,5000,0
681,80717,10,1,1,0,2500,0
682,80717,20,2,2,0,2500,0
683,80717,30,3,3,807180,1,0
684,80717,50,4,1,0,5000,0
685,80717,80,5,2,0,5000,0
686,80718,10,1,1,0,2500,0
687,80718,20,2,2,0,2500,0
688,80718,30,3,3,807190,1,0
689,80718,50,4,1,0,5000,0
690,80718,80,5,2,0,5000,0
691,80719,10,1,1,0,2500,0
692,80719,20,2,2,0,2500,0
693,80719,30,3,3,807200,1,0
694,80719,50,4,1,0,5000,0
695,80719,80,5,2,0,5000,0
696,80720,10,1,1,0,2500,0
697,80720,20,2,2,0,2500,0
698,80720,30,3,1,0,5000,0
699,80720,50,4,2,0,5000,0
700,80720,80,5,2,0,10000,0
701,80801,10,1,1,0,2500,0
702,80801,20,2,2,0,2500,0
703,80801,30,3,3,808020,1,0
704,80801,50,4,1,0,5000,0
705,80801,80,5,2,0,5000,0
706,80802,10,1,1,0,2500,0
707,80802,20,2,2,0,2500,0
708,80802,30,3,3,808030,1,0
709,80802,50,4,1,0,5000,0
710,80802,80,5,2,0,5000,0
711,80803,10,1,1,0,2500,0
712,80803,20,2,2,0,2500,0
713,80803,30,3,3,808040,1,0
714,80803,50,4,1,0,5000,0
715,80803,80,5,2,0,5000,0
716,80804,10,1,1,0,2500,0
717,80804,20,2,2,0,2500,0
718,80804,30,3,3,808050,1,0
719,80804,50,4,1,0,5000,0
720,80804,80,5,2,0,5000,0
721,80805,10,1,1,0,2500,0
722,80805,20,2,2,0,2500,0
723,80805,30,3,3,808060,1,0
724,80805,50,4,1,0,5000,0
725,80805,80,5,2,0,5000,0
726,80806,10,1,1,0,2500,0
727,80806,20,2,2,0,2500,0
728,80806,30,3,3,808070,1,0
729,80806,50,4,1,0,5000,0
730,80806,80,5,2,0,5000,0
731,80807,10,1,1,0,2500,0
732,80807,20,2,2,0,2500,0
733,80807,30,3,3,808080,1,0
734,80807,50,4,1,0,5000,0
735,80807,80,5,2,0,5000,0
736,80808,10,1,1,0,2500,0
737,80808,20,2,2,0,2500,0
738,80808,30,3,3,808090,1,0
739,80808,50,4,1,0,5000,0
740,80808,80,5,2,0,5000,0
741,80809,10,1,1,0,2500,0
742,80809,20,2,2,0,2500,0
743,80809,30,3,3,808100,1,0
744,80809,50,4,1,0,5000,0
745,80809,80,5,2,0,5000,0
746,80810,10,1,1,0,2500,0
747,80810,20,2,2,0,2500,0
748,80810,30,3,3,808110,1,0
749,80810,50,4,1,0,5000,0
750,80810,80,5,2,0,5000,0
751,80811,10,1,1,0,2500,0
752,80811,20,2,2,0,2500,0
753,80811,30,3,3,808120,1,0
754,80811,50,4,1,0,5000,0
755,80811,80,5,2,0,5000,0
756,80812,10,1,1,0,2500,0
757,80812,20,2,2,0,2500,0
758,80812,30,3,3,808130,1,0
759,80812,50,4,1,0,5000,0
760,80812,80,5,2,0,5000,0
761,80813,10,1,1,0,2500,0
762,80813,20,2,2,0,2500,0
763,80813,30,3,3,808140,1,0
764,80813,50,4,1,0,5000,0
765,80813,80,5,2,0,5000,0
766,80814,10,1,1,0,2500,0
767,80814,20,2,2,0,2500,0
768,80814,30,3,3,808150,1,0
769,80814,50,4,1,0,5000,0
770,80814,80,5,2,0,5000,0
771,80815,10,1,1,0,2500,0
772,80815,20,2,2,0,2500,0
773,80815,30,3,3,808160,1,0
774,80815,50,4,1,0,5000,0
775,80815,80,5,2,0,5000,0
776,80816,10,1,1,0,2500,0
777,80816,20,2,2,0,2500,0
778,80816,30,3,3,808170,1,0
779,80816,50,4,1,0,5000,0
780,80816,80,5,2,0,5000,0
781,80817,10,1,1,0,2500,0
782,80817,20,2,2,0,2500,0
783,80817,30,3,3,808180,1,0
784,80817,50,4,1,0,5000,0
785,80817,80,5,2,0,5000,0
786,80818,10,1,1,0,2500,0
787,80818,20,2,2,0,2500,0
788,80818,30,3,3,808190,1,0
789,80818,50,4,1,0,5000,0
790,80818,80,5,2,0,5000,0
791,80819,10,1,1,0,2500,0
792,80819,20,2,2,0,2500,0
793,80819,30,3,3,808200,1,0
794,80819,50,4,1,0,5000,0
795,80819,80,5,2,0,5000,0
796,80820,10,1,1,0,2500,0
797,80820,20,2,2,0,2500,0
798,80820,30,3,1,0,5000,0
799,80820,50,4,2,0,5000,0
800,80820,80,5,2,0,10000,0
801,80901,10,1,1,0,2500,0
802,80901,20,2,2,0,2500,0
803,80901,30,3,3,809020,1,0
804,80901,50,4,1,0,5000,0
805,80901,80,5,2,0,5000,0
806,80902,10,1,1,0,2500,0
807,80902,20,2,2,0,2500,0
808,80902,30,3,3,809030,1,0
809,80902,50,4,1,0,5000,0
810,80902,80,5,2,0,5000,0
811,80903,10,1,1,0,2500,0
812,80903,20,2,2,0,2500,0
813,80903,30,3,3,809040,1,0
814,80903,50,4,1,0,5000,0
815,80903,80,5,2,0,5000,0
816,80904,10,1,1,0,2500,0
817,80904,20,2,2,0,2500,0
818,80904,30,3,3,809050,1,0
819,80904,50,4,1,0,5000,0
820,80904,80,5,2,0,5000,0
821,80905,10,1,1,0,2500,0
822,80905,20,2,2,0,2500,0
823,80905,30,3,3,809060,1,0
824,80905,50,4,1,0,5000,0
825,80905,80,5,2,0,5000,0
826,80906,10,1,1,0,2500,0
827,80906,20,2,2,0,2500,0
828,80906,30,3,3,809070,1,0
829,80906,50,4,1,0,5000,0
830,80906,80,5,2,0,5000,0
831,80907,10,1,1,0,2500,0
832,80907,20,2,2,0,2500,0
833,80907,30,3,3,809080,1,0
834,80907,50,4,1,0,5000,0
835,80907,80,5,2,0,5000,0
836,80908,10,1,1,0,2500,0
837,80908,20,2,2,0,2500,0
838,80908,30,3,3,809090,1,0
839,80908,50,4,1,0,5000,0
840,80908,80,5,2,0,5000,0
841,80909,10,1,1,0,2500,0
842,80909,20,2,2,0,2500,0
843,80909,30,3,3,809100,1,0
844,80909,50,4,1,0,5000,0
845,80909,80,5,2,0,5000,0
846,80910,10,1,1,0,2500,0
847,80910,20,2,2,0,2500,0
848,80910,30,3,3,809110,1,0
849,80910,50,4,1,0,5000,0
850,80910,80,5,2,0,5000,0
851,80911,10,1,1,0,2500,0
852,80911,20,2,2,0,2500,0
853,80911,30,3,3,809120,1,0
854,80911,50,4,1,0,5000,0
855,80911,80,5,2,0,5000,0
856,80912,10,1,1,0,2500,0
857,80912,20,2,2,0,2500,0
858,80912,30,3,3,809130,1,0
859,80912,50,4,1,0,5000,0
860,80912,80,5,2,0,5000,0
861,80913,10,1,1,0,2500,0
862,80913,20,2,2,0,2500,0
863,80913,30,3,3,809140,1,0
864,80913,50,4,1,0,5000,0
865,80913,80,5,2,0,5000,0
866,80914,10,1,1,0,2500,0
867,80914,20,2,2,0,2500,0
868,80914,30,3,3,809150,1,0
869,80914,50,4,1,0,5000,0
870,80914,80,5,2,0,5000,0
871,80915,10,1,1,0,2500,0
872,80915,20,2,2,0,2500,0
873,80915,30,3,3,809160,1,0
874,80915,50,4,1,0,5000,0
875,80915,80,5,2,0,5000,0
876,80916,10,1,1,0,2500,0
877,80916,20,2,2,0,2500,0
878,80916,30,3,3,809170,1,0
879,80916,50,4,1,0,5000,0
880,80916,80,5,2,0,5000,0
881,80917,10,1,1,0,2500,0
882,80917,20,2,2,0,2500,0
883,80917,30,3,3,809180,1,0
884,80917,50,4,1,0,5000,0
885,80917,80,5,2,0,5000,0
886,80918,10,1,1,0,2500,0
887,80918,20,2,2,0,2500,0
888,80918,30,3,3,809190,1,0
889,80918,50,4,1,0,5000,0
890,80918,80,5,2,0,5000,0
891,80919,10,1,1,0,2500,0
892,80919,20,2,2,0,2500,0
893,80919,30,3,3,809200,1,0
894,80919,50,4,1,0,5000,0
895,80919,80,5,2,0,5000,0
896,80920,10,1,1,0,2500,0
897,80920,20,2,2,0,2500,0
898,80920,30,3,1,0,5000,0
899,80920,50,4,2,0,5000,0
900,80920,80,5,2,0,10000,0
901,81001,10,1,1,0,2500,0
902,81001,20,2,2,0,2500,0
903,81001,30,3,3,810020,1,0
904,81001,50,4,1,0,5000,0
905,81001,80,5,2,0,5000,0
906,81002,10,1,1,0,2500,0
907,81002,20,2,2,0,2500,0
908,81002,30,3,3,810030,1,0
909,81002,50,4,1,0,5000,0
910,81002,80,5,2,0,5000,0
911,81003,10,1,1,0,2500,0
912,81003,20,2,2,0,2500,0
913,81003,30,3,3,810040,1,0
914,81003,50,4,1,0,5000,0
915,81003,80,5,2,0,5000,0
916,81004,10,1,1,0,2500,0
917,81004,20,2,2,0,2500,0
918,81004,30,3,3,810050,1,0
919,81004,50,4,1,0,5000,0
920,81004,80,5,2,0,5000,0
921,81005,10,1,1,0,2500,0
922,81005,20,2,2,0,2500,0
923,81005,30,3,3,810060,1,0
924,81005,50,4,1,0,5000,0
925,81005,80,5,2,0,5000,0
926,81006,10,1,1,0,2500,0
927,81006,20,2,2,0,2500,0
928,81006,30,3,3,810070,1,0
929,81006,50,4,1,0,5000,0
930,81006,80,5,2,0,5000,0
931,81007,10,1,1,0,2500,0
932,81007,20,2,2,0,2500,0
933,81007,30,3,3,810080,1,0
934,81007,50,4,1,0,5000,0
935,81007,80,5,2,0,5000,0
936,81008,10,1,1,0,2500,0
937,81008,20,2,2,0,2500,0
938,81008,30,3,3,810090,1,0
939,81008,50,4,1,0,5000,0
940,81008,80,5,2,0,5000,0
941,81009,10,1,1,0,2500,0
942,81009,20,2,2,0,2500,0
943,81009,30,3,3,810100,1,0
944,81009,50,4,1,0,5000,0
945,81009,80,5,2,0,5000,0
946,81010,10,1,1,0,2500,0
947,81010,20,2,2,0,2500,0
948,81010,30,3,3,810110,1,0
949,81010,50,4,1,0,5000,0
950,81010,80,5,2,0,5000,0
951,81011,10,1,1,0,2500,0
952,81011,20,2,2,0,2500,0
953,81011,30,3,3,810120,1,0
954,81011,50,4,1,0,5000,0
955,81011,80,5,2,0,5000,0
956,81012,10,1,1,0,2500,0
957,81012,20,2,2,0,2500,0
958,81012,30,3,3,810130,1,0
959,81012,50,4,1,0,5000,0
960,81012,80,5,2,0,5000,0
961,81013,10,1,1,0,2500,0
962,81013,20,2,2,0,2500,0
963,81013,30,3,3,810140,1,0
964,81013,50,4,1,0,5000,0
965,81013,80,5,2,0,5000,0
966,81014,10,1,1,0,2500,0
967,81014,20,2,2,0,2500,0
968,81014,30,3,3,810150,1,0
969,81014,50,4,1,0,5000,0
970,81014,80,5,2,0,5000,0
971,81015,10,1,1,0,2500,0
972,81015,20,2,2,0,2500,0
973,81015,30,3,3,810160,1,0
974,81015,50,4,1,0,5000,0
975,81015,80,5,2,0,5000,0
976,81016,10,1,1,0,2500,0
977,81016,20,2,2,0,2500,0
978,81016,30,3,3,810170,1,0
979,81016,50,4,1,0,5000,0
980,81016,80,5,2,0,5000,0
981,81017,10,1,1,0,2500,0
982,81017,20,2,2,0,2500,0
983,81017,30,3,3,810180,1,0
984,81017,50,4,1,0,5000,0
985,81017,80,5,2,0,5000,0
986,81018,10,1,1,0,2500,0
987,81018,20,2,2,0,2500,0
988,81018,30,3,3,810190,1,0
989,81018,50,4,1,0,5000,0
990,81018,80,5,2,0,5000,0
991,81019,10,1,1,0,2500,0
992,81019,20,2,2,0,2500,0
993,81019,30,3,3,810200,1,0
994,81019,50,4,1,0,5000,0
995,81019,80,5,2,0,5000,0
996,81020,10,1,1,0,2500,0
997,81020,20,2,2,0,2500,0
998,81020,30,3,1,0,5000,0
999,81020,50,4,2,0,5000,0
1000,81020,80,5,2,0,10000,0
1001,81101,10,1,1,0,2500,0
1002,81101,20,2,2,0,2500,0
1003,81101,30,3,3,811020,1,0
1004,81101,50,4,1,0,5000,0
1005,81101,80,5,2,0,5000,0
1006,81102,10,1,1,0,2500,0
1007,81102,20,2,2,0,2500,0
1008,81102,30,3,3,811030,1,0
1009,81102,50,4,1,0,5000,0
1010,81102,80,5,2,0,5000,0
1011,81103,10,1,1,0,2500,0
1012,81103,20,2,2,0,2500,0
1013,81103,30,3,3,811040,1,0
1014,81103,50,4,1,0,5000,0
1015,81103,80,5,2,0,5000,0
1016,81104,10,1,1,0,2500,0
1017,81104,20,2,2,0,2500,0
1018,81104,30,3,3,811050,1,0
1019,81104,50,4,1,0,5000,0
1020,81104,80,5,2,0,5000,0
1021,81105,10,1,1,0,2500,0
1022,81105,20,2,2,0,2500,0
1023,81105,30,3,3,811060,1,0
1024,81105,50,4,1,0,5000,0
1025,81105,80,5,2,0,5000,0
1026,81106,10,1,1,0,2500,0
1027,81106,20,2,2,0,2500,0
1028,81106,30,3,3,811070,1,0
1029,81106,50,4,1,0,5000,0
1030,81106,80,5,2,0,5000,0
1031,81107,10,1,1,0,2500,0
1032,81107,20,2,2,0,2500,0
1033,81107,30,3,3,811080,1,0
1034,81107,50,4,1,0,5000,0
1035,81107,80,5,2,0,5000,0
1036,81108,10,1,1,0,2500,0
1037,81108,20,2,2,0,2500,0
1038,81108,30,3,3,811090,1,0
1039,81108,50,4,1,0,5000,0
1040,81108,80,5,2,0,5000,0
1041,81109,10,1,1,0,2500,0
1042,81109,20,2,2,0,2500,0
1043,81109,30,3,3,811100,1,0
1044,81109,50,4,1,0,5000,0
1045,81109,80,5,2,0,5000,0
1046,81110,10,1,1,0,2500,0
1047,81110,20,2,2,0,2500,0
1048,81110,30,3,3,811110,1,0
1049,81110,50,4,1,0,5000,0
1050,81110,80,5,2,0,5000,0
1051,81111,10,1,1,0,2500,0
1052,81111,20,2,2,0,2500,0
1053,81111,30,3,3,811120,1,0
1054,81111,50,4,1,0,5000,0
1055,81111,80,5,2,0,5000,0
1056,81112,10,1,1,0,2500,0
1057,81112,20,2,2,0,2500,0
1058,81112,30,3,3,811130,1,0
1059,81112,50,4,1,0,5000,0
1060,81112,80,5,2,0,5000,0
1061,81113,10,1,1,0,2500,0
1062,81113,20,2,2,0,2500,0
1063,81113,30,3,3,811140,1,0
1064,81113,50,4,1,0,5000,0
1065,81113,80,5,2,0,5000,0
1066,81114,10,1,1,0,2500,0
1067,81114,20,2,2,0,2500,0
1068,81114,30,3,3,811150,1,0
1069,81114,50,4,1,0,5000,0
1070,81114,80,5,2,0,5000,0
1071,81115,10,1,1,0,2500,0
1072,81115,20,2,2,0,2500,0
1073,81115,30,3,3,811160,1,0
1074,81115,50,4,1,0,5000,0
1075,81115,80,5,2,0,5000,0
1076,81116,10,1,1,0,2500,0
1077,81116,20,2,2,0,2500,0
1078,81116,30,3,3,811170,1,0
1079,81116,50,4,1,0,5000,0
1080,81116,80,5,2,0,5000,0
1081,81117,10,1,1,0,2500,0
1082,81117,20,2,2,0,2500,0
1083,81117,30,3,3,811180,1,0
1084,81117,50,4,1,0,5000,0
1085,81117,80,5,2,0,5000,0
1086,81118,10,1,1,0,2500,0
1087,81118,20,2,2,0,2500,0
1088,81118,30,3,3,811190,1,0
1089,81118,50,4,1,0,5000,0
1090,81118,80,5,2,0,5000,0
1091,81119,10,1,1,0,2500,0
1092,81119,20,2,2,0,2500,0
1093,81119,30,3,3,811200,1,0
1094,81119,50,4,1,0,5000,0
1095,81119,80,5,2,0,5000,0
1096,81120,10,1,1,0,2500,0
1097,81120,20,2,2,0,2500,0
1098,81120,30,3,1,0,5000,0
1099,81120,50,4,2,0,5000,0
1100,81120,80,5,2,0,10000,0
1101,81201,10,1,1,0,2500,0
1102,81201,20,2,2,0,2500,0
1103,81201,30,3,3,812020,1,0
1104,81201,50,4,1,0,5000,0
1105,81201,80,5,2,0,5000,0
1106,81202,10,1,1,0,2500,0
1107,81202,20,2,2,0,2500,0
1108,81202,30,3,3,812030,1,0
1109,81202,50,4,1,0,5000,0
1110,81202,80,5,2,0,5000,0
1111,81203,10,1,1,0,2500,0
1112,81203,20,2,2,0,2500,0
1113,81203,30,3,3,812040,1,0
1114,81203,50,4,1,0,5000,0
1115,81203,80,5,2,0,5000,0
1116,81204,10,1,1,0,2500,0
1117,81204,20,2,2,0,2500,0
1118,81204,30,3,3,812050,1,0
1119,81204,50,4,1,0,5000,0
1120,81204,80,5,2,0,5000,0
1121,81205,10,1,1,0,2500,0
1122,81205,20,2,2,0,2500,0
1123,81205,30,3,3,812060,1,0
1124,81205,50,4,1,0,5000,0
1125,81205,80,5,2,0,5000,0
1126,81206,10,1,1,0,2500,0
1127,81206,20,2,2,0,2500,0
1128,81206,30,3,3,812070,1,0
1129,81206,50,4,1,0,5000,0
1130,81206,80,5,2,0,5000,0
1131,81207,10,1,1,0,2500,0
1132,81207,20,2,2,0,2500,0
1133,81207,30,3,3,812080,1,0
1134,81207,50,4,1,0,5000,0
1135,81207,80,5,2,0,5000,0
1136,81208,10,1,1,0,2500,0
1137,81208,20,2,2,0,2500,0
1138,81208,30,3,3,812090,1,0
1139,81208,50,4,1,0,5000,0
1140,81208,80,5,2,0,5000,0
1141,81209,10,1,1,0,2500,0
1142,81209,20,2,2,0,2500,0
1143,81209,30,3,3,812100,1,0
1144,81209,50,4,1,0,5000,0
1145,81209,80,5,2,0,5000,0
1146,81210,10,1,1,0,2500,0
1147,81210,20,2,2,0,2500,0
1148,81210,30,3,3,812110,1,0
1149,81210,50,4,1,0,5000,0
1150,81210,80,5,2,0,5000,0
1151,81211,10,1,1,0,2500,0
1152,81211,20,2,2,0,2500,0
1153,81211,30,3,3,812120,1,0
1154,81211,50,4,1,0,5000,0
1155,81211,80,5,2,0,5000,0
1156,81212,10,1,1,0,2500,0
1157,81212,20,2,2,0,2500,0
1158,81212,30,3,3,812130,1,0
1159,81212,50,4,1,0,5000,0
1160,81212,80,5,2,0,5000,0
1161,81213,10,1,1,0,2500,0
1162,81213,20,2,2,0,2500,0
1163,81213,30,3,3,812140,1,0
1164,81213,50,4,1,0,5000,0
1165,81213,80,5,2,0,5000,0
1166,81214,10,1,1,0,2500,0
1167,81214,20,2,2,0,2500,0
1168,81214,30,3,3,812150,1,0
1169,81214,50,4,1,0,5000,0
1170,81214,80,5,2,0,5000,0
1171,81215,10,1,1,0,2500,0
1172,81215,20,2,2,0,2500,0
1173,81215,30,3,3,812160,1,0
1174,81215,50,4,1,0,5000,0
1175,81215,80,5,2,0,5000,0
1176,81216,10,1,1,0,2500,0
1177,81216,20,2,2,0,2500,0
1178,81216,30,3,3,812170,1,0
1179,81216,50,4,1,0,5000,0
1180,81216,80,5,2,0,5000,0
1181,81217,10,1,1,0,2500,0
1182,81217,20,2,2,0,2500,0
1183,81217,30,3,3,812180,1,0
1184,81217,50,4,1,0,5000,0
1185,81217,80,5,2,0,5000,0
1186,81218,10,1,1,0,2500,0
1187,81218,20,2,2,0,2500,0
1188,81218,30,3,3,812190,1,0
1189,81218,50,4,1,0,5000,0
1190,81218,80,5,2,0,5000,0
1191,81219,10,1,1,0,2500,0
1192,81219,20,2,2,0,2500,0
1193,81219,30,3,3,812200,1,0
1194,81219,50,4,1,0,5000,0
1195,81219,80,5,2,0,5000,0
1196,81220,10,1,1,0,2500,0
1197,81220,20,2,2,0,2500,0
1198,81220,30,3,1,0,5000,0
1199,81220,50,4,2,0,5000,0
1200,81220,80,5,2,0,10000,0
1201,81301,10,1,1,0,2500,0
1202,81301,20,2,2,0,2500,0
1203,81301,30,3,3,813020,1,0
1204,81301,50,4,1,0,5000,0
1205,81301,80,5,2,0,5000,0
1206,81302,10,1,1,0,2500,0
1207,81302,20,2,2,0,2500,0
1208,81302,30,3,3,813030,1,0
1209,81302,50,4,1,0,5000,0
1210,81302,80,5,2,0,5000,0
1211,81303,10,1,1,0,2500,0
1212,81303,20,2,2,0,2500,0
1213,81303,30,3,3,813040,1,0
1214,81303,50,4,1,0,5000,0
1215,81303,80,5,2,0,5000,0
1216,81304,10,1,1,0,2500,0
1217,81304,20,2,2,0,2500,0
1218,81304,30,3,3,813050,1,0
1219,81304,50,4,1,0,5000,0
1220,81304,80,5,2,0,5000,0
1221,81305,10,1,1,0,2500,0
1222,81305,20,2,2,0,2500,0
1223,81305,30,3,3,813060,1,0
1224,81305,50,4,1,0,5000,0
1225,81305,80,5,2,0,5000,0
1226,81306,10,1,1,0,2500,0
1227,81306,20,2,2,0,2500,0
1228,81306,30,3,3,813070,1,0
1229,81306,50,4,1,0,5000,0
1230,81306,80,5,2,0,5000,0
1231,81307,10,1,1,0,2500,0
1232,81307,20,2,2,0,2500,0
1233,81307,30,3,3,813080,1,0
1234,81307,50,4,1,0,5000,0
1235,81307,80,5,2,0,5000,0
1236,81308,10,1,1,0,2500,0
1237,81308,20,2,2,0,2500,0
1238,81308,30,3,3,813090,1,0
1239,81308,50,4,1,0,5000,0
1240,81308,80,5,2,0,5000,0
1241,81309,10,1,1,0,2500,0
1242,81309,20,2,2,0,2500,0
1243,81309,30,3,3,813100,1,0
1244,81309,50,4,1,0,5000,0
1245,81309,80,5,2,0,5000,0
1246,81310,10,1,1,0,2500,0
1247,81310,20,2,2,0,2500,0
1248,81310,30,3,3,813110,1,0
1249,81310,50,4,1,0,5000,0
1250,81310,80,5,2,0,5000,0
1251,81311,10,1,1,0,2500,0
1252,81311,20,2,2,0,2500,0
1253,81311,30,3,3,813120,1,0
1254,81311,50,4,1,0,5000,0
1255,81311,80,5,2,0,5000,0
1256,81312,10,1,1,0,2500,0
1257,81312,20,2,2,0,2500,0
1258,81312,30,3,3,813130,1,0
1259,81312,50,4,1,0,5000,0
1260,81312,80,5,2,0,5000,0
1261,81313,10,1,1,0,2500,0
1262,81313,20,2,2,0,2500,0
1263,81313,30,3,3,813140,1,0
1264,81313,50,4,1,0,5000,0
1265,81313,80,5,2,0,5000,0
1266,81314,10,1,1,0,2500,0
1267,81314,20,2,2,0,2500,0
1268,81314,30,3,3,813150,1,0
1269,81314,50,4,1,0,5000,0
1270,81314,80,5,2,0,5000,0
1271,81315,10,1,1,0,2500,0
1272,81315,20,2,2,0,2500,0
1273,81315,30,3,3,813160,1,0
1274,81315,50,4,1,0,5000,0
1275,81315,80,5,2,0,5000,0
1276,81316,10,1,1,0,2500,0
1277,81316,20,2,2,0,2500,0
1278,81316,30,3,3,813170,1,0
1279,81316,50,4,1,0,5000,0
1280,81316,80,5,2,0,5000,0
1281,81317,10,1,1,0,2500,0
1282,81317,20,2,2,0,2500,0
1283,81317,30,3,3,813180,1,0
1284,81317,50,4,1,0,5000,0
1285,81317,80,5,2,0,5000,0
1286,81318,10,1,1,0,2500,0
1287,81318,20,2,2,0,2500,0
1288,81318,30,3,3,813190,1,0
1289,81318,50,4,1,0,5000,0
1290,81318,80,5,2,0,5000,0
1291,81319,10,1,1,0,2500,0
1292,81319,20,2,2,0,2500,0
1293,81319,30,3,3,813200,1,0
1294,81319,50,4,1,0,5000,0
1295,81319,80,5,2,0,5000,0
1296,81320,10,1,1,0,2500,0
1297,81320,20,2,2,0,2500,0
1298,81320,30,3,1,0,5000,0
1299,81320,50,4,2,0,5000,0
1300,81320,80,5,2,0,10000,0
1301,81401,10,1,1,0,2500,0
1302,81401,20,2,2,0,2500,0
1303,81401,30,3,3,814020,1,0
1304,81401,50,4,1,0,5000,0
1305,81401,80,5,2,0,5000,0
1306,81402,10,1,1,0,2500,0
1307,81402,20,2,2,0,2500,0
1308,81402,30,3,3,814030,1,0
1309,81402,50,4,1,0,5000,0
1310,81402,80,5,2,0,5000,0
1311,81403,10,1,1,0,2500,0
1312,81403,20,2,2,0,2500,0
1313,81403,30,3,3,814040,1,0
1314,81403,50,4,1,0,5000,0
1315,81403,80,5,2,0,5000,0
1316,81404,10,1,1,0,2500,0
1317,81404,20,2,2,0,2500,0
1318,81404,30,3,3,814050,1,0
1319,81404,50,4,1,0,5000,0
1320,81404,80,5,2,0,5000,0
1321,81405,10,1,1,0,2500,0
1322,81405,20,2,2,0,2500,0
1323,81405,30,3,3,814060,1,0
1324,81405,50,4,1,0,5000,0
1325,81405,80,5,2,0,5000,0
1326,81406,10,1,1,0,2500,0
1327,81406,20,2,2,0,2500,0
1328,81406,30,3,3,814070,1,0
1329,81406,50,4,1,0,5000,0
1330,81406,80,5,2,0,5000,0
1331,81407,10,1,1,0,2500,0
1332,81407,20,2,2,0,2500,0
1333,81407,30,3,3,814080,1,0
1334,81407,50,4,1,0,5000,0
1335,81407,80,5,2,0,5000,0
1336,81408,10,1,1,0,2500,0
1337,81408,20,2,2,0,2500,0
1338,81408,30,3,3,814090,1,0
1339,81408,50,4,1,0,5000,0
1340,81408,80,5,2,0,5000,0
1341,81409,10,1,1,0,2500,0
1342,81409,20,2,2,0,2500,0
1343,81409,30,3,3,814100,1,0
1344,81409,50,4,1,0,5000,0
1345,81409,80,5,2,0,5000,0
1346,81410,10,1,1,0,2500,0
1347,81410,20,2,2,0,2500,0
1348,81410,30,3,3,814110,1,0
1349,81410,50,4,1,0,5000,0
1350,81410,80,5,2,0,5000,0
1351,81411,10,1,1,0,2500,0
1352,81411,20,2,2,0,2500,0
1353,81411,30,3,3,814120,1,0
1354,81411,50,4,1,0,5000,0
1355,81411,80,5,2,0,5000,0
1356,81412,10,1,1,0,2500,0
1357,81412,20,2,2,0,2500,0
1358,81412,30,3,3,814130,1,0
1359,81412,50,4,1,0,5000,0
1360,81412,80,5,2,0,5000,0
1361,81413,10,1,1,0,2500,0
1362,81413,20,2,2,0,2500,0
1363,81413,30,3,3,814140,1,0
1364,81413,50,4,1,0,5000,0
1365,81413,80,5,2,0,5000,0
1366,81414,10,1,1,0,2500,0
1367,81414,20,2,2,0,2500,0
1368,81414,30,3,3,814150,1,0
1369,81414,50,4,1,0,5000,0
1370,81414,80,5,2,0,5000,0
1371,81415,10,1,1,0,2500,0
1372,81415,20,2,2,0,2500,0
1373,81415,30,3,3,814160,1,0
1374,81415,50,4,1,0,5000,0
1375,81415,80,5,2,0,5000,0
1376,81416,10,1,1,0,2500,0
1377,81416,20,2,2,0,2500,0
1378,81416,30,3,3,814170,1,0
1379,81416,50,4,1,0,5000,0
1380,81416,80,5,2,0,5000,0
1381,81417,10,1,1,0,2500,0
1382,81417,20,2,2,0,2500,0
1383,81417,30,3,3,814180,1,0
1384,81417,50,4,1,0,5000,0
1385,81417,80,5,2,0,5000,0
1386,81418,10,1,1,0,2500,0
1387,81418,20,2,2,0,2500,0
1388,81418,30,3,3,814190,1,0
1389,81418,50,4,1,0,5000,0
1390,81418,80,5,2,0,5000,0
1391,81419,10,1,1,0,2500,0
1392,81419,20,2,2,0,2500,0
1393,81419,30,3,3,814200,1,0
1394,81419,50,4,1,0,5000,0
1395,81419,80,5,2,0,5000,0
1396,81420,10,1,1,0,2500,0
1397,81420,20,2,2,0,2500,0
1398,81420,30,3,1,0,5000,0
1399,81420,50,4,2,0,5000,0
1400,81420,80,5,2,0,10000,0
1401,81501,10,1,1,0,2500,0
1402,81501,20,2,2,0,2500,0
1403,81501,30,3,3,815020,1,0
1404,81501,50,4,1,0,5000,0
1405,81501,80,5,2,0,5000,0
1406,81502,10,1,1,0,2500,0
1407,81502,20,2,2,0,2500,0
1408,81502,30,3,3,815030,1,0
1409,81502,50,4,1,0,5000,0
1410,81502,80,5,2,0,5000,0
1411,81503,10,1,1,0,2500,0
1412,81503,20,2,2,0,2500,0
1413,81503,30,3,3,815040,1,0
1414,81503,50,4,1,0,5000,0
1415,81503,80,5,2,0,5000,0
1416,81504,10,1,1,0,2500,0
1417,81504,20,2,2,0,2500,0
1418,81504,30,3,3,815050,1,0
1419,81504,50,4,1,0,5000,0
1420,81504,80,5,2,0,5000,0
1421,81505,10,1,1,0,2500,0
1422,81505,20,2,2,0,2500,0
1423,81505,30,3,3,815060,1,0
1424,81505,50,4,1,0,5000,0
1425,81505,80,5,2,0,5000,0
1426,81506,10,1,1,0,2500,0
1427,81506,20,2,2,0,2500,0
1428,81506,30,3,3,815070,1,0
1429,81506,50,4,1,0,5000,0
1430,81506,80,5,2,0,5000,0
1431,81507,10,1,1,0,2500,0
1432,81507,20,2,2,0,2500,0
1433,81507,30,3,3,815080,1,0
1434,81507,50,4,1,0,5000,0
1435,81507,80,5,2,0,5000,0
1436,81508,10,1,1,0,2500,0
1437,81508,20,2,2,0,2500,0
1438,81508,30,3,3,815090,1,0
1439,81508,50,4,1,0,5000,0
1440,81508,80,5,2,0,5000,0
1441,81509,10,1,1,0,2500,0
1442,81509,20,2,2,0,2500,0
1443,81509,30,3,3,815100,1,0
1444,81509,50,4,1,0,5000,0
1445,81509,80,5,2,0,5000,0
1446,81510,10,1,1,0,2500,0
1447,81510,20,2,2,0,2500,0
1448,81510,30,3,3,815110,1,0
1449,81510,50,4,1,0,5000,0
1450,81510,80,5,2,0,5000,0
1451,81511,10,1,1,0,2500,0
1452,81511,20,2,2,0,2500,0
1453,81511,30,3,3,815120,1,0
1454,81511,50,4,1,0,5000,0
1455,81511,80,5,2,0,5000,0
1456,81512,10,1,1,0,2500,0
1457,81512,20,2,2,0,2500,0
1458,81512,30,3,3,815130,1,0
1459,81512,50,4,1,0,5000,0
1460,81512,80,5,2,0,5000,0
1461,81513,10,1,1,0,2500,0
1462,81513,20,2,2,0,2500,0
1463,81513,30,3,3,815140,1,0
1464,81513,50,4,1,0,5000,0
1465,81513,80,5,2,0,5000,0
1466,81514,10,1,1,0,2500,0
1467,81514,20,2,2,0,2500,0
1468,81514,30,3,3,815150,1,0
1469,81514,50,4,1,0,5000,0
1470,81514,80,5,2,0,5000,0
1471,81515,10,1,1,0,2500,0
1472,81515,20,2,2,0,2500,0
1473,81515,30,3,3,815160,1,0
1474,81515,50,4,1,0,5000,0
1475,81515,80,5,2,0,5000,0
1476,81516,10,1,1,0,2500,0
1477,81516,20,2,2,0,2500,0
1478,81516,30,3,3,815170,1,0
1479,81516,50,4,1,0,5000,0
1480,81516,80,5,2,0,5000,0
1481,81517,10,1,1,0,2500,0
1482,81517,20,2,2,0,2500,0
1483,81517,30,3,3,815180,1,0
1484,81517,50,4,1,0,5000,0
1485,81517,80,5,2,0,5000,0
1486,81518,10,1,1,0,2500,0
1487,81518,20,2,2,0,2500,0
1488,81518,30,3,3,815190,1,0
1489,81518,50,4,1,0,5000,0
1490,81518,80,5,2,0,5000,0
1491,81519,10,1,1,0,2500,0
1492,81519,20,2,2,0,2500,0
1493,81519,30,3,3,815200,1,0
1494,81519,50,4,1,0,5000,0
1495,81519,80,5,2,0,5000,0
1496,81520,10,1,1,0,2500,0
1497,81520,20,2,2,0,2500,0
1498,81520,30,3,1,0,5000,0
1499,81520,50,4,2,0,5000,0
1500,81520,80,5,2,0,10000,0
1501,81601,10,1,1,0,2500,0
1502,81601,20,2,2,0,2500,0
1503,81601,30,3,3,816020,1,0
1504,81601,50,4,1,0,5000,0
1505,81601,80,5,2,0,5000,0
1506,81602,10,1,1,0,2500,0
1507,81602,20,2,2,0,2500,0
1508,81602,30,3,3,816030,1,0
1509,81602,50,4,1,0,5000,0
1510,81602,80,5,2,0,5000,0
1511,81603,10,1,1,0,2500,0
1512,81603,20,2,2,0,2500,0
1513,81603,30,3,3,816040,1,0
1514,81603,50,4,1,0,5000,0
1515,81603,80,5,2,0,5000,0
1516,81604,10,1,1,0,2500,0
1517,81604,20,2,2,0,2500,0
1518,81604,30,3,3,816050,1,0
1519,81604,50,4,1,0,5000,0
1520,81604,80,5,2,0,5000,0
1521,81605,10,1,1,0,2500,0
1522,81605,20,2,2,0,2500,0
1523,81605,30,3,3,816060,1,0
1524,81605,50,4,1,0,5000,0
1525,81605,80,5,2,0,5000,0
1526,81606,10,1,1,0,2500,0
1527,81606,20,2,2,0,2500,0
1528,81606,30,3,3,816070,1,0
1529,81606,50,4,1,0,5000,0
1530,81606,80,5,2,0,5000,0
1531,81607,10,1,1,0,2500,0
1532,81607,20,2,2,0,2500,0
1533,81607,30,3,3,816080,1,0
1534,81607,50,4,1,0,5000,0
1535,81607,80,5,2,0,5000,0
1536,81608,10,1,1,0,2500,0
1537,81608,20,2,2,0,2500,0
1538,81608,30,3,3,816090,1,0
1539,81608,50,4,1,0,5000,0
1540,81608,80,5,2,0,5000,0
1541,81609,10,1,1,0,2500,0
1542,81609,20,2,2,0,2500,0
1543,81609,30,3,3,816100,1,0
1544,81609,50,4,1,0,5000,0
1545,81609,80,5,2,0,5000,0
1546,81610,10,1,1,0,2500,0
1547,81610,20,2,2,0,2500,0
1548,81610,30,3,3,816110,1,0
1549,81610,50,4,1,0,5000,0
1550,81610,80,5,2,0,5000,0
1551,81611,10,1,1,0,2500,0
1552,81611,20,2,2,0,2500,0
1553,81611,30,3,3,816120,1,0
1554,81611,50,4,1,0,5000,0
1555,81611,80,5,2,0,5000,0
1556,81612,10,1,1,0,2500,0
1557,81612,20,2,2,0,2500,0
1558,81612,30,3,3,816130,1,0
1559,81612,50,4,1,0,5000,0
1560,81612,80,5,2,0,5000,0
1561,81613,10,1,1,0,2500,0
1562,81613,20,2,2,0,2500,0
1563,81613,30,3,3,816140,1,0
1564,81613,50,4,1,0,5000,0
1565,81613,80,5,2,0,5000,0
1566,81614,10,1,1,0,2500,0
1567,81614,20,2,2,0,2500,0
1568,81614,30,3,3,816150,1,0
1569,81614,50,4,1,0,5000,0
1570,81614,80,5,2,0,5000,0
1571,81615,10,1,1,0,2500,0
1572,81615,20,2,2,0,2500,0
1573,81615,30,3,3,816160,1,0
1574,81615,50,4,1,0,5000,0
1575,81615,80,5,2,0,5000,0
1576,81616,10,1,1,0,2500,0
1577,81616,20,2,2,0,2500,0
1578,81616,30,3,3,816170,1,0
1579,81616,50,4,1,0,5000,0
1580,81616,80,5,2,0,5000,0
1581,81617,10,1,1,0,2500,0
1582,81617,20,2,2,0,2500,0
1583,81617,30,3,3,816180,1,0
1584,81617,50,4,1,0,5000,0
1585,81617,80,5,2,0,5000,0
1586,81618,10,1,1,0,2500,0
1587,81618,20,2,2,0,2500,0
1588,81618,30,3,3,816190,1,0
1589,81618,50,4,1,0,5000,0
1590,81618,80,5,2,0,5000,0
1591,81619,10,1,1,0,2500,0
1592,81619,20,2,2,0,2500,0
1593,81619,30,3,3,816200,1,0
1594,81619,50,4,1,0,5000,0
1595,81619,80,5,2,0,5000,0
1596,81620,10,1,1,0,2500,0
1597,81620,20,2,2,0,2500,0
1598,81620,30,3,1,0,5000,0
1599,81620,50,4,2,0,5000,0
1600,81620,80,5,2,0,10000,0
1601,81701,10,1,1,0,2500,0
1602,81701,20,2,2,0,2500,0
1603,81701,30,3,3,817020,1,0
1604,81701,50,4,1,0,5000,0
1605,81701,80,5,2,0,5000,0
1606,81702,10,1,1,0,2500,0
1607,81702,20,2,2,0,2500,0
1608,81702,30,3,3,817030,1,0
1609,81702,50,4,1,0,5000,0
1610,81702,80,5,2,0,5000,0
1611,81703,10,1,1,0,2500,0
1612,81703,20,2,2,0,2500,0
1613,81703,30,3,3,817040,1,0
1614,81703,50,4,1,0,5000,0
1615,81703,80,5,2,0,5000,0
1616,81704,10,1,1,0,2500,0
1617,81704,20,2,2,0,2500,0
1618,81704,30,3,3,817050,1,0
1619,81704,50,4,1,0,5000,0
1620,81704,80,5,2,0,5000,0
1621,81705,10,1,1,0,2500,0
1622,81705,20,2,2,0,2500,0
1623,81705,30,3,3,817060,1,0
1624,81705,50,4,1,0,5000,0
1625,81705,80,5,2,0,5000,0
1626,81706,10,1,1,0,2500,0
1627,81706,20,2,2,0,2500,0
1628,81706,30,3,3,817070,1,0
1629,81706,50,4,1,0,5000,0
1630,81706,80,5,2,0,5000,0
1631,81707,10,1,1,0,2500,0
1632,81707,20,2,2,0,2500,0
1633,81707,30,3,3,817080,1,0
1634,81707,50,4,1,0,5000,0
1635,81707,80,5,2,0,5000,0
1636,81708,10,1,1,0,2500,0
1637,81708,20,2,2,0,2500,0
1638,81708,30,3,3,817090,1,0
1639,81708,50,4,1,0,5000,0
1640,81708,80,5,2,0,5000,0
1641,81709,10,1,1,0,2500,0
1642,81709,20,2,2,0,2500,0
1643,81709,30,3,3,817100,1,0
1644,81709,50,4,1,0,5000,0
1645,81709,80,5,2,0,5000,0
1646,81710,10,1,1,0,2500,0
1647,81710,20,2,2,0,2500,0
1648,81710,30,3,3,817110,1,0
1649,81710,50,4,1,0,5000,0
1650,81710,80,5,2,0,5000,0
1651,81711,10,1,1,0,2500,0
1652,81711,20,2,2,0,2500,0
1653,81711,30,3,3,817120,1,0
1654,81711,50,4,1,0,5000,0
1655,81711,80,5,2,0,5000,0
1656,81712,10,1,1,0,2500,0
1657,81712,20,2,2,0,2500,0
1658,81712,30,3,3,817130,1,0
1659,81712,50,4,1,0,5000,0
1660,81712,80,5,2,0,5000,0
1661,81713,10,1,1,0,2500,0
1662,81713,20,2,2,0,2500,0
1663,81713,30,3,3,817140,1,0
1664,81713,50,4,1,0,5000,0
1665,81713,80,5,2,0,5000,0
1666,81714,10,1,1,0,2500,0
1667,81714,20,2,2,0,2500,0
1668,81714,30,3,3,817150,1,0
1669,81714,50,4,1,0,5000,0
1670,81714,80,5,2,0,5000,0
1671,81715,10,1,1,0,2500,0
1672,81715,20,2,2,0,2500,0
1673,81715,30,3,3,817160,1,0
1674,81715,50,4,1,0,5000,0
1675,81715,80,5,2,0,5000,0
1676,81716,10,1,1,0,2500,0
1677,81716,20,2,2,0,2500,0
1678,81716,30,3,3,817170,1,0
1679,81716,50,4,1,0,5000,0
1680,81716,80,5,2,0,5000,0
1681,81717,10,1,1,0,2500,0
1682,81717,20,2,2,0,2500,0
1683,81717,30,3,3,817180,1,0
1684,81717,50,4,1,0,5000,0
1685,81717,80,5,2,0,5000,0
1686,81718,10,1,1,0,2500,0
1687,81718,20,2,2,0,2500,0
1688,81718,30,3,3,817190,1,0
1689,81718,50,4,1,0,5000,0
1690,81718,80,5,2,0,5000,0
1691,81719,10,1,1,0,2500,0
1692,81719,20,2,2,0,2500,0
1693,81719,30,3,3,817200,1,0
1694,81719,50,4,1,0,5000,0
1695,81719,80,5,2,0,5000,0
1696,81720,10,1,1,0,2500,0
1697,81720,20,2,2,0,2500,0
1698,81720,30,3,1,0,5000,0
1699,81720,50,4,2,0,5000,0
1700,81720,80,5,2,0,10000,0
