task_id,task_need_prop_id,_prop_forge_level,task_award_exp,task_award_hero_exp,task_award_love,task_award_gold,task_award_gemstone,null
10001,80101,0,0,2,2,40,0,0
10002,80101,1,0,4,2,160,0,0
10003,80101,2,0,6,2,360,0,0
10004,80101,3,0,8,4,640,0,0
10005,80102,0,0,10,4,1000,0,0
10006,80102,1,0,12,4,1440,0,0
10007,80102,2,0,14,4,1960,0,0
10008,80102,3,0,16,6,2560,0,0
10009,80103,0,0,18,6,3240,0,0
10010,80103,1,0,20,6,4000,0,0
10011,80103,2,0,22,6,4840,0,0
10012,80103,3,0,24,8,5760,0,0
10013,80104,0,0,26,8,6760,0,0
10014,80104,1,0,28,8,7840,0,0
10015,80104,2,0,30,8,9000,0,0
10016,80104,3,0,32,10,10240,0,0
10017,80105,0,0,34,10,11560,0,0
10018,80105,1,0,36,10,12960,0,0
10019,80105,2,0,38,10,14440,0,0
10020,80105,3,0,40,12,16000,0,0
10021,80106,0,0,42,12,17640,0,0
10022,80106,1,0,44,12,19360,0,0
10023,80106,2,0,46,12,21160,0,0
10024,80106,3,0,48,14,23040,0,0
10025,80107,0,0,50,14,25000,0,0
10026,80107,1,0,52,14,27040,0,0
10027,80107,2,0,54,14,29160,0,0
10028,80107,3,0,56,16,31360,0,0
10029,80108,0,0,58,16,33640,0,0
10030,80108,1,0,60,16,36000,0,0
10031,80108,2,0,62,16,38440,0,0
10032,80108,3,0,64,18,40960,0,0
10033,80109,0,0,66,18,43560,0,0
10034,80109,1,0,68,18,46240,0,0
10035,80109,2,0,70,18,49000,0,0
10036,80109,3,0,72,20,51840,0,0
10037,80110,0,0,74,20,54760,0,0
10038,80110,1,0,76,20,57760,0,0
10039,80110,2,0,78,20,60840,0,0
10040,80110,3,0,80,22,64000,0,0
10041,80111,0,0,82,22,67240,0,0
10042,80111,1,0,84,22,70560,0,0
10043,80111,2,0,86,22,73960,0,0
10044,80111,3,0,88,24,77440,0,0
10045,80112,0,0,90,24,81000,0,0
10046,80112,1,0,92,24,84640,0,0
10047,80112,2,0,94,24,88360,0,0
10048,80112,3,0,96,26,92160,0,0
10049,80113,0,0,98,26,96040,0,0
10050,80113,1,0,100,26,100000,0,0
10051,80113,2,0,102,26,104040,0,0
10052,80113,3,0,104,28,108160,0,0
10053,80114,0,0,106,28,112360,0,0
10054,80114,1,0,108,28,116640,0,0
10055,80114,2,0,110,28,121000,0,0
10056,80114,3,0,112,30,125440,0,0
10057,80115,0,0,114,30,129960,0,0
10058,80115,1,0,116,30,134560,0,0
10059,80115,2,0,118,30,139240,0,0
10060,80115,3,0,120,32,144000,0,0
10061,80116,0,0,122,32,148840,0,0
10062,80116,1,0,124,32,153760,0,0
10063,80116,2,0,126,32,158760,0,0
10064,80116,3,0,128,34,163840,0,0
10065,80117,0,0,130,34,169000,0,0
10066,80117,1,0,132,34,174240,0,0
10067,80117,2,0,134,34,179560,0,0
10068,80117,3,0,136,36,184960,0,0
10069,80118,0,0,138,36,190440,0,0
10070,80118,1,0,140,36,196000,0,0
10071,80118,2,0,142,36,201640,0,0
10072,80118,3,0,144,38,207360,0,0
10073,80119,0,0,146,38,213160,0,0
10074,80119,1,0,148,38,219040,0,0
10075,80119,2,0,150,38,225000,0,0
10076,80119,3,0,152,40,231040,0,0
10077,80120,0,0,154,40,237160,0,0
10078,80120,1,0,156,40,243360,0,0
10079,80120,2,0,158,40,249640,0,0
10080,80120,3,0,160,42,256000,0,0
10081,80201,0,0,2,2,40,0,0
10082,80201,1,0,4,2,160,0,0
10083,80201,2,0,6,2,360,0,0
10084,80201,3,0,8,4,640,0,0
10085,80202,0,0,10,4,1000,0,0
10086,80202,1,0,12,4,1440,0,0
10087,80202,2,0,14,4,1960,0,0
10088,80202,3,0,16,6,2560,0,0
10089,80203,0,0,18,6,3240,0,0
10090,80203,1,0,20,6,4000,0,0
10091,80203,2,0,22,6,4840,0,0
10092,80203,3,0,24,8,5760,0,0
10093,80204,0,0,26,8,6760,0,0
10094,80204,1,0,28,8,7840,0,0
10095,80204,2,0,30,8,9000,0,0
10096,80204,3,0,32,10,10240,0,0
10097,80205,0,0,34,10,11560,0,0
10098,80205,1,0,36,10,12960,0,0
10099,80205,2,0,38,10,14440,0,0
10100,80205,3,0,40,12,16000,0,0
10101,80206,0,0,42,12,17640,0,0
10102,80206,1,0,44,12,19360,0,0
10103,80206,2,0,46,12,21160,0,0
10104,80206,3,0,48,14,23040,0,0
10105,80207,0,0,50,14,25000,0,0
10106,80207,1,0,52,14,27040,0,0
10107,80207,2,0,54,14,29160,0,0
10108,80207,3,0,56,16,31360,0,0
10109,80208,0,0,58,16,33640,0,0
10110,80208,1,0,60,16,36000,0,0
10111,80208,2,0,62,16,38440,0,0
10112,80208,3,0,64,18,40960,0,0
10113,80209,0,0,66,18,43560,0,0
10114,80209,1,0,68,18,46240,0,0
10115,80209,2,0,70,18,49000,0,0
10116,80209,3,0,72,20,51840,0,0
10117,80210,0,0,74,20,54760,0,0
10118,80210,1,0,76,20,57760,0,0
10119,80210,2,0,78,20,60840,0,0
10120,80210,3,0,80,22,64000,0,0
10121,80211,0,0,82,22,67240,0,0
10122,80211,1,0,84,22,70560,0,0
10123,80211,2,0,86,22,73960,0,0
10124,80211,3,0,88,24,77440,0,0
10125,80212,0,0,90,24,81000,0,0
10126,80212,1,0,92,24,84640,0,0
10127,80212,2,0,94,24,88360,0,0
10128,80212,3,0,96,26,92160,0,0
10129,80213,0,0,98,26,96040,0,0
10130,80213,1,0,100,26,100000,0,0
10131,80213,2,0,102,26,104040,0,0
10132,80213,3,0,104,28,108160,0,0
10133,80214,0,0,106,28,112360,0,0
10134,80214,1,0,108,28,116640,0,0
10135,80214,2,0,110,28,121000,0,0
10136,80214,3,0,112,30,125440,0,0
10137,80215,0,0,114,30,129960,0,0
10138,80215,1,0,116,30,134560,0,0
10139,80215,2,0,118,30,139240,0,0
10140,80215,3,0,120,32,144000,0,0
10141,80216,0,0,122,32,148840,0,0
10142,80216,1,0,124,32,153760,0,0
10143,80216,2,0,126,32,158760,0,0
10144,80216,3,0,128,34,163840,0,0
10145,80217,0,0,130,34,169000,0,0
10146,80217,1,0,132,34,174240,0,0
10147,80217,2,0,134,34,179560,0,0
10148,80217,3,0,136,36,184960,0,0
10149,80218,0,0,138,36,190440,0,0
10150,80218,1,0,140,36,196000,0,0
10151,80218,2,0,142,36,201640,0,0
10152,80218,3,0,144,38,207360,0,0
10153,80219,0,0,146,38,213160,0,0
10154,80219,1,0,148,38,219040,0,0
10155,80219,2,0,150,38,225000,0,0
10156,80219,3,0,152,40,231040,0,0
10157,80220,0,0,154,40,237160,0,0
10158,80220,1,0,156,40,243360,0,0
10159,80220,2,0,158,40,249640,0,0
10160,80220,3,0,160,42,256000,0,0
10161,80301,0,0,2,2,40,0,0
10162,80301,1,0,4,2,160,0,0
10163,80301,2,0,6,2,360,0,0
10164,80301,3,0,8,4,640,0,0
10165,80302,0,0,10,4,1000,0,0
10166,80302,1,0,12,4,1440,0,0
10167,80302,2,0,14,4,1960,0,0
10168,80302,3,0,16,6,2560,0,0
10169,80303,0,0,18,6,3240,0,0
10170,80303,1,0,20,6,4000,0,0
10171,80303,2,0,22,6,4840,0,0
10172,80303,3,0,24,8,5760,0,0
10173,80304,0,0,26,8,6760,0,0
10174,80304,1,0,28,8,7840,0,0
10175,80304,2,0,30,8,9000,0,0
10176,80304,3,0,32,10,10240,0,0
10177,80305,0,0,34,10,11560,0,0
10178,80305,1,0,36,10,12960,0,0
10179,80305,2,0,38,10,14440,0,0
10180,80305,3,0,40,12,16000,0,0
10181,80306,0,0,42,12,17640,0,0
10182,80306,1,0,44,12,19360,0,0
10183,80306,2,0,46,12,21160,0,0
10184,80306,3,0,48,14,23040,0,0
10185,80307,0,0,50,14,25000,0,0
10186,80307,1,0,52,14,27040,0,0
10187,80307,2,0,54,14,29160,0,0
10188,80307,3,0,56,16,31360,0,0
10189,80308,0,0,58,16,33640,0,0
10190,80308,1,0,60,16,36000,0,0
10191,80308,2,0,62,16,38440,0,0
10192,80308,3,0,64,18,40960,0,0
10193,80309,0,0,66,18,43560,0,0
10194,80309,1,0,68,18,46240,0,0
10195,80309,2,0,70,18,49000,0,0
10196,80309,3,0,72,20,51840,0,0
10197,80310,0,0,74,20,54760,0,0
10198,80310,1,0,76,20,57760,0,0
10199,80310,2,0,78,20,60840,0,0
10200,80310,3,0,80,22,64000,0,0
10201,80311,0,0,82,22,67240,0,0
10202,80311,1,0,84,22,70560,0,0
10203,80311,2,0,86,22,73960,0,0
10204,80311,3,0,88,24,77440,0,0
10205,80312,0,0,90,24,81000,0,0
10206,80312,1,0,92,24,84640,0,0
10207,80312,2,0,94,24,88360,0,0
10208,80312,3,0,96,26,92160,0,0
10209,80313,0,0,98,26,96040,0,0
10210,80313,1,0,100,26,100000,0,0
10211,80313,2,0,102,26,104040,0,0
10212,80313,3,0,104,28,108160,0,0
10213,80314,0,0,106,28,112360,0,0
10214,80314,1,0,108,28,116640,0,0
10215,80314,2,0,110,28,121000,0,0
10216,80314,3,0,112,30,125440,0,0
10217,80315,0,0,114,30,129960,0,0
10218,80315,1,0,116,30,134560,0,0
10219,80315,2,0,118,30,139240,0,0
10220,80315,3,0,120,32,144000,0,0
10221,80316,0,0,122,32,148840,0,0
10222,80316,1,0,124,32,153760,0,0
10223,80316,2,0,126,32,158760,0,0
10224,80316,3,0,128,34,163840,0,0
10225,80317,0,0,130,34,169000,0,0
10226,80317,1,0,132,34,174240,0,0
10227,80317,2,0,134,34,179560,0,0
10228,80317,3,0,136,36,184960,0,0
10229,80318,0,0,138,36,190440,0,0
10230,80318,1,0,140,36,196000,0,0
10231,80318,2,0,142,36,201640,0,0
10232,80318,3,0,144,38,207360,0,0
10233,80319,0,0,146,38,213160,0,0
10234,80319,1,0,148,38,219040,0,0
10235,80319,2,0,150,38,225000,0,0
10236,80319,3,0,152,40,231040,0,0
10237,80320,0,0,154,40,237160,0,0
10238,80320,1,0,156,40,243360,0,0
10239,80320,2,0,158,40,249640,0,0
10240,80320,3,0,160,42,256000,0,0
10241,80401,0,0,2,2,40,0,0
10242,80401,1,0,4,2,160,0,0
10243,80401,2,0,6,2,360,0,0
10244,80401,3,0,8,4,640,0,0
10245,80402,0,0,10,4,1000,0,0
10246,80402,1,0,12,4,1440,0,0
10247,80402,2,0,14,4,1960,0,0
10248,80402,3,0,16,6,2560,0,0
10249,80403,0,0,18,6,3240,0,0
10250,80403,1,0,20,6,4000,0,0
10251,80403,2,0,22,6,4840,0,0
10252,80403,3,0,24,8,5760,0,0
10253,80404,0,0,26,8,6760,0,0
10254,80404,1,0,28,8,7840,0,0
10255,80404,2,0,30,8,9000,0,0
10256,80404,3,0,32,10,10240,0,0
10257,80405,0,0,34,10,11560,0,0
10258,80405,1,0,36,10,12960,0,0
10259,80405,2,0,38,10,14440,0,0
10260,80405,3,0,40,12,16000,0,0
10261,80406,0,0,42,12,17640,0,0
10262,80406,1,0,44,12,19360,0,0
10263,80406,2,0,46,12,21160,0,0
10264,80406,3,0,48,14,23040,0,0
10265,80407,0,0,50,14,25000,0,0
10266,80407,1,0,52,14,27040,0,0
10267,80407,2,0,54,14,29160,0,0
10268,80407,3,0,56,16,31360,0,0
10269,80408,0,0,58,16,33640,0,0
10270,80408,1,0,60,16,36000,0,0
10271,80408,2,0,62,16,38440,0,0
10272,80408,3,0,64,18,40960,0,0
10273,80409,0,0,66,18,43560,0,0
10274,80409,1,0,68,18,46240,0,0
10275,80409,2,0,70,18,49000,0,0
10276,80409,3,0,72,20,51840,0,0
10277,80410,0,0,74,20,54760,0,0
10278,80410,1,0,76,20,57760,0,0
10279,80410,2,0,78,20,60840,0,0
10280,80410,3,0,80,22,64000,0,0
10281,80411,0,0,82,22,67240,0,0
10282,80411,1,0,84,22,70560,0,0
10283,80411,2,0,86,22,73960,0,0
10284,80411,3,0,88,24,77440,0,0
10285,80412,0,0,90,24,81000,0,0
10286,80412,1,0,92,24,84640,0,0
10287,80412,2,0,94,24,88360,0,0
10288,80412,3,0,96,26,92160,0,0
10289,80413,0,0,98,26,96040,0,0
10290,80413,1,0,100,26,100000,0,0
10291,80413,2,0,102,26,104040,0,0
10292,80413,3,0,104,28,108160,0,0
10293,80414,0,0,106,28,112360,0,0
10294,80414,1,0,108,28,116640,0,0
10295,80414,2,0,110,28,121000,0,0
10296,80414,3,0,112,30,125440,0,0
10297,80415,0,0,114,30,129960,0,0
10298,80415,1,0,116,30,134560,0,0
10299,80415,2,0,118,30,139240,0,0
10300,80415,3,0,120,32,144000,0,0
10301,80416,0,0,122,32,148840,0,0
10302,80416,1,0,124,32,153760,0,0
10303,80416,2,0,126,32,158760,0,0
10304,80416,3,0,128,34,163840,0,0
10305,80417,0,0,130,34,169000,0,0
10306,80417,1,0,132,34,174240,0,0
10307,80417,2,0,134,34,179560,0,0
10308,80417,3,0,136,36,184960,0,0
10309,80418,0,0,138,36,190440,0,0
10310,80418,1,0,140,36,196000,0,0
10311,80418,2,0,142,36,201640,0,0
10312,80418,3,0,144,38,207360,0,0
10313,80419,0,0,146,38,213160,0,0
10314,80419,1,0,148,38,219040,0,0
10315,80419,2,0,150,38,225000,0,0
10316,80419,3,0,152,40,231040,0,0
10317,80420,0,0,154,40,237160,0,0
10318,80420,1,0,156,40,243360,0,0
10319,80420,2,0,158,40,249640,0,0
10320,80420,3,0,160,42,256000,0,0
10321,80501,0,0,2,2,40,0,0
10322,80501,1,0,4,2,160,0,0
10323,80501,2,0,6,2,360,0,0
10324,80501,3,0,8,4,640,0,0
10325,80502,0,0,10,4,1000,0,0
10326,80502,1,0,12,4,1440,0,0
10327,80502,2,0,14,4,1960,0,0
10328,80502,3,0,16,6,2560,0,0
10329,80503,0,0,18,6,3240,0,0
10330,80503,1,0,20,6,4000,0,0
10331,80503,2,0,22,6,4840,0,0
10332,80503,3,0,24,8,5760,0,0
10333,80504,0,0,26,8,6760,0,0
10334,80504,1,0,28,8,7840,0,0
10335,80504,2,0,30,8,9000,0,0
10336,80504,3,0,32,10,10240,0,0
10337,80505,0,0,34,10,11560,0,0
10338,80505,1,0,36,10,12960,0,0
10339,80505,2,0,38,10,14440,0,0
10340,80505,3,0,40,12,16000,0,0
10341,80506,0,0,42,12,17640,0,0
10342,80506,1,0,44,12,19360,0,0
10343,80506,2,0,46,12,21160,0,0
10344,80506,3,0,48,14,23040,0,0
10345,80507,0,0,50,14,25000,0,0
10346,80507,1,0,52,14,27040,0,0
10347,80507,2,0,54,14,29160,0,0
10348,80507,3,0,56,16,31360,0,0
10349,80508,0,0,58,16,33640,0,0
10350,80508,1,0,60,16,36000,0,0
10351,80508,2,0,62,16,38440,0,0
10352,80508,3,0,64,18,40960,0,0
10353,80509,0,0,66,18,43560,0,0
10354,80509,1,0,68,18,46240,0,0
10355,80509,2,0,70,18,49000,0,0
10356,80509,3,0,72,20,51840,0,0
10357,80510,0,0,74,20,54760,0,0
10358,80510,1,0,76,20,57760,0,0
10359,80510,2,0,78,20,60840,0,0
10360,80510,3,0,80,22,64000,0,0
10361,80511,0,0,82,22,67240,0,0
10362,80511,1,0,84,22,70560,0,0
10363,80511,2,0,86,22,73960,0,0
10364,80511,3,0,88,24,77440,0,0
10365,80512,0,0,90,24,81000,0,0
10366,80512,1,0,92,24,84640,0,0
10367,80512,2,0,94,24,88360,0,0
10368,80512,3,0,96,26,92160,0,0
10369,80513,0,0,98,26,96040,0,0
10370,80513,1,0,100,26,100000,0,0
10371,80513,2,0,102,26,104040,0,0
10372,80513,3,0,104,28,108160,0,0
10373,80514,0,0,106,28,112360,0,0
10374,80514,1,0,108,28,116640,0,0
10375,80514,2,0,110,28,121000,0,0
10376,80514,3,0,112,30,125440,0,0
10377,80515,0,0,114,30,129960,0,0
10378,80515,1,0,116,30,134560,0,0
10379,80515,2,0,118,30,139240,0,0
10380,80515,3,0,120,32,144000,0,0
10381,80516,0,0,122,32,148840,0,0
10382,80516,1,0,124,32,153760,0,0
10383,80516,2,0,126,32,158760,0,0
10384,80516,3,0,128,34,163840,0,0
10385,80517,0,0,130,34,169000,0,0
10386,80517,1,0,132,34,174240,0,0
10387,80517,2,0,134,34,179560,0,0
10388,80517,3,0,136,36,184960,0,0
10389,80518,0,0,138,36,190440,0,0
10390,80518,1,0,140,36,196000,0,0
10391,80518,2,0,142,36,201640,0,0
10392,80518,3,0,144,38,207360,0,0
10393,80519,0,0,146,38,213160,0,0
10394,80519,1,0,148,38,219040,0,0
10395,80519,2,0,150,38,225000,0,0
10396,80519,3,0,152,40,231040,0,0
10397,80520,0,0,154,40,237160,0,0
10398,80520,1,0,156,40,243360,0,0
10399,80520,2,0,158,40,249640,0,0
10400,80520,3,0,160,42,256000,0,0
10401,80601,0,0,2,2,40,0,0
10402,80601,1,0,4,2,160,0,0
10403,80601,2,0,6,2,360,0,0
10404,80601,3,0,8,4,640,0,0
10405,80602,0,0,10,4,1000,0,0
10406,80602,1,0,12,4,1440,0,0
10407,80602,2,0,14,4,1960,0,0
10408,80602,3,0,16,6,2560,0,0
10409,80603,0,0,18,6,3240,0,0
10410,80603,1,0,20,6,4000,0,0
10411,80603,2,0,22,6,4840,0,0
10412,80603,3,0,24,8,5760,0,0
10413,80604,0,0,26,8,6760,0,0
10414,80604,1,0,28,8,7840,0,0
10415,80604,2,0,30,8,9000,0,0
10416,80604,3,0,32,10,10240,0,0
10417,80605,0,0,34,10,11560,0,0
10418,80605,1,0,36,10,12960,0,0
10419,80605,2,0,38,10,14440,0,0
10420,80605,3,0,40,12,16000,0,0
10421,80606,0,0,42,12,17640,0,0
10422,80606,1,0,44,12,19360,0,0
10423,80606,2,0,46,12,21160,0,0
10424,80606,3,0,48,14,23040,0,0
10425,80607,0,0,50,14,25000,0,0
10426,80607,1,0,52,14,27040,0,0
10427,80607,2,0,54,14,29160,0,0
10428,80607,3,0,56,16,31360,0,0
10429,80608,0,0,58,16,33640,0,0
10430,80608,1,0,60,16,36000,0,0
10431,80608,2,0,62,16,38440,0,0
10432,80608,3,0,64,18,40960,0,0
10433,80609,0,0,66,18,43560,0,0
10434,80609,1,0,68,18,46240,0,0
10435,80609,2,0,70,18,49000,0,0
10436,80609,3,0,72,20,51840,0,0
10437,80610,0,0,74,20,54760,0,0
10438,80610,1,0,76,20,57760,0,0
10439,80610,2,0,78,20,60840,0,0
10440,80610,3,0,80,22,64000,0,0
10441,80611,0,0,82,22,67240,0,0
10442,80611,1,0,84,22,70560,0,0
10443,80611,2,0,86,22,73960,0,0
10444,80611,3,0,88,24,77440,0,0
10445,80612,0,0,90,24,81000,0,0
10446,80612,1,0,92,24,84640,0,0
10447,80612,2,0,94,24,88360,0,0
10448,80612,3,0,96,26,92160,0,0
10449,80613,0,0,98,26,96040,0,0
10450,80613,1,0,100,26,100000,0,0
10451,80613,2,0,102,26,104040,0,0
10452,80613,3,0,104,28,108160,0,0
10453,80614,0,0,106,28,112360,0,0
10454,80614,1,0,108,28,116640,0,0
10455,80614,2,0,110,28,121000,0,0
10456,80614,3,0,112,30,125440,0,0
10457,80615,0,0,114,30,129960,0,0
10458,80615,1,0,116,30,134560,0,0
10459,80615,2,0,118,30,139240,0,0
10460,80615,3,0,120,32,144000,0,0
10461,80616,0,0,122,32,148840,0,0
10462,80616,1,0,124,32,153760,0,0
10463,80616,2,0,126,32,158760,0,0
10464,80616,3,0,128,34,163840,0,0
10465,80617,0,0,130,34,169000,0,0
10466,80617,1,0,132,34,174240,0,0
10467,80617,2,0,134,34,179560,0,0
10468,80617,3,0,136,36,184960,0,0
10469,80618,0,0,138,36,190440,0,0
10470,80618,1,0,140,36,196000,0,0
10471,80618,2,0,142,36,201640,0,0
10472,80618,3,0,144,38,207360,0,0
10473,80619,0,0,146,38,213160,0,0
10474,80619,1,0,148,38,219040,0,0
10475,80619,2,0,150,38,225000,0,0
10476,80619,3,0,152,40,231040,0,0
10477,80620,0,0,154,40,237160,0,0
10478,80620,1,0,156,40,243360,0,0
10479,80620,2,0,158,40,249640,0,0
10480,80620,3,0,160,42,256000,0,0
10481,80701,0,0,2,2,40,0,0
10482,80701,1,0,4,2,160,0,0
10483,80701,2,0,6,2,360,0,0
10484,80701,3,0,8,4,640,0,0
10485,80702,0,0,10,4,1000,0,0
10486,80702,1,0,12,4,1440,0,0
10487,80702,2,0,14,4,1960,0,0
10488,80702,3,0,16,6,2560,0,0
10489,80703,0,0,18,6,3240,0,0
10490,80703,1,0,20,6,4000,0,0
10491,80703,2,0,22,6,4840,0,0
10492,80703,3,0,24,8,5760,0,0
10493,80704,0,0,26,8,6760,0,0
10494,80704,1,0,28,8,7840,0,0
10495,80704,2,0,30,8,9000,0,0
10496,80704,3,0,32,10,10240,0,0
10497,80705,0,0,34,10,11560,0,0
10498,80705,1,0,36,10,12960,0,0
10499,80705,2,0,38,10,14440,0,0
10500,80705,3,0,40,12,16000,0,0
10501,80706,0,0,42,12,17640,0,0
10502,80706,1,0,44,12,19360,0,0
10503,80706,2,0,46,12,21160,0,0
10504,80706,3,0,48,14,23040,0,0
10505,80707,0,0,50,14,25000,0,0
10506,80707,1,0,52,14,27040,0,0
10507,80707,2,0,54,14,29160,0,0
10508,80707,3,0,56,16,31360,0,0
10509,80708,0,0,58,16,33640,0,0
10510,80708,1,0,60,16,36000,0,0
10511,80708,2,0,62,16,38440,0,0
10512,80708,3,0,64,18,40960,0,0
10513,80709,0,0,66,18,43560,0,0
10514,80709,1,0,68,18,46240,0,0
10515,80709,2,0,70,18,49000,0,0
10516,80709,3,0,72,20,51840,0,0
10517,80710,0,0,74,20,54760,0,0
10518,80710,1,0,76,20,57760,0,0
10519,80710,2,0,78,20,60840,0,0
10520,80710,3,0,80,22,64000,0,0
10521,80711,0,0,82,22,67240,0,0
10522,80711,1,0,84,22,70560,0,0
10523,80711,2,0,86,22,73960,0,0
10524,80711,3,0,88,24,77440,0,0
10525,80712,0,0,90,24,81000,0,0
10526,80712,1,0,92,24,84640,0,0
10527,80712,2,0,94,24,88360,0,0
10528,80712,3,0,96,26,92160,0,0
10529,80713,0,0,98,26,96040,0,0
10530,80713,1,0,100,26,100000,0,0
10531,80713,2,0,102,26,104040,0,0
10532,80713,3,0,104,28,108160,0,0
10533,80714,0,0,106,28,112360,0,0
10534,80714,1,0,108,28,116640,0,0
10535,80714,2,0,110,28,121000,0,0
10536,80714,3,0,112,30,125440,0,0
10537,80715,0,0,114,30,129960,0,0
10538,80715,1,0,116,30,134560,0,0
10539,80715,2,0,118,30,139240,0,0
10540,80715,3,0,120,32,144000,0,0
10541,80716,0,0,122,32,148840,0,0
10542,80716,1,0,124,32,153760,0,0
10543,80716,2,0,126,32,158760,0,0
10544,80716,3,0,128,34,163840,0,0
10545,80717,0,0,130,34,169000,0,0
10546,80717,1,0,132,34,174240,0,0
10547,80717,2,0,134,34,179560,0,0
10548,80717,3,0,136,36,184960,0,0
10549,80718,0,0,138,36,190440,0,0
10550,80718,1,0,140,36,196000,0,0
10551,80718,2,0,142,36,201640,0,0
10552,80718,3,0,144,38,207360,0,0
10553,80719,0,0,146,38,213160,0,0
10554,80719,1,0,148,38,219040,0,0
10555,80719,2,0,150,38,225000,0,0
10556,80719,3,0,152,40,231040,0,0
10557,80720,0,0,154,40,237160,0,0
10558,80720,1,0,156,40,243360,0,0
10559,80720,2,0,158,40,249640,0,0
10560,80720,3,0,160,42,256000,0,0
10561,80801,0,0,1,1,10,0,0
10562,80801,1,0,2,1,40,0,0
10563,80801,2,0,3,1,90,0,0
10564,80801,3,0,4,2,160,0,0
10565,80802,0,0,5,2,250,0,0
10566,80802,1,0,6,2,360,0,0
10567,80802,2,0,7,2,490,0,0
10568,80802,3,0,8,3,640,0,0
10569,80803,0,0,9,3,810,0,0
10570,80803,1,0,10,3,1000,0,0
10571,80803,2,0,11,3,1210,0,0
10572,80803,3,0,12,4,1440,0,0
10573,80804,0,0,13,4,1690,0,0
10574,80804,1,0,14,4,1960,0,0
10575,80804,2,0,15,4,2250,0,0
10576,80804,3,0,16,5,2560,0,0
10577,80805,0,0,17,5,2890,0,0
10578,80805,1,0,18,5,3240,0,0
10579,80805,2,0,19,5,3610,0,0
10580,80805,3,0,20,6,4000,0,0
10581,80806,0,0,21,6,4410,0,0
10582,80806,1,0,22,6,4840,0,0
10583,80806,2,0,23,6,5290,0,0
10584,80806,3,0,24,7,5760,0,0
10585,80807,0,0,25,7,6250,0,0
10586,80807,1,0,26,7,6760,0,0
10587,80807,2,0,27,7,7290,0,0
10588,80807,3,0,28,8,7840,0,0
10589,80808,0,0,29,8,8410,0,0
10590,80808,1,0,30,8,9000,0,0
10591,80808,2,0,31,8,9610,0,0
10592,80808,3,0,32,9,10240,0,0
10593,80809,0,0,33,9,10890,0,0
10594,80809,1,0,34,9,11560,0,0
10595,80809,2,0,35,9,12250,0,0
10596,80809,3,0,36,10,12960,0,0
10597,80810,0,0,37,10,13690,0,0
10598,80810,1,0,38,10,14440,0,0
10599,80810,2,0,39,10,15210,0,0
10600,80810,3,0,40,11,16000,0,0
10601,80811,0,0,41,11,16810,0,0
10602,80811,1,0,42,11,17640,0,0
10603,80811,2,0,43,11,18490,0,0
10604,80811,3,0,44,12,19360,0,0
10605,80812,0,0,45,12,20250,0,0
10606,80812,1,0,46,12,21160,0,0
10607,80812,2,0,47,12,22090,0,0
10608,80812,3,0,48,13,23040,0,0
10609,80813,0,0,49,13,24010,0,0
10610,80813,1,0,50,13,25000,0,0
10611,80813,2,0,51,13,26010,0,0
10612,80813,3,0,52,14,27040,0,0
10613,80814,0,0,53,14,28090,0,0
10614,80814,1,0,54,14,29160,0,0
10615,80814,2,0,55,14,30250,0,0
10616,80814,3,0,56,15,31360,0,0
10617,80815,0,0,57,15,32490,0,0
10618,80815,1,0,58,15,33640,0,0
10619,80815,2,0,59,15,34810,0,0
10620,80815,3,0,60,16,36000,0,0
10621,80816,0,0,61,16,37210,0,0
10622,80816,1,0,62,16,38440,0,0
10623,80816,2,0,63,16,39690,0,0
10624,80816,3,0,64,17,40960,0,0
10625,80817,0,0,65,17,42250,0,0
10626,80817,1,0,66,17,43560,0,0
10627,80817,2,0,67,17,44890,0,0
10628,80817,3,0,68,18,46240,0,0
10629,80818,0,0,69,18,47610,0,0
10630,80818,1,0,70,18,49000,0,0
10631,80818,2,0,71,18,50410,0,0
10632,80818,3,0,72,19,51840,0,0
10633,80819,0,0,73,19,53290,0,0
10634,80819,1,0,74,19,54760,0,0
10635,80819,2,0,75,19,56250,0,0
10636,80819,3,0,76,20,57760,0,0
10637,80820,0,0,77,20,59290,0,0
10638,80820,1,0,78,20,60840,0,0
10639,80820,2,0,79,20,62410,0,0
10640,80820,3,0,80,21,64000,0,0
10641,80901,0,0,1,1,10,0,0
10642,80901,1,0,2,1,40,0,0
10643,80901,2,0,3,1,90,0,0
10644,80901,3,0,4,2,160,0,0
10645,80902,0,0,5,2,250,0,0
10646,80902,1,0,6,2,360,0,0
10647,80902,2,0,7,2,490,0,0
10648,80902,3,0,8,3,640,0,0
10649,80903,0,0,9,3,810,0,0
10650,80903,1,0,10,3,1000,0,0
10651,80903,2,0,11,3,1210,0,0
10652,80903,3,0,12,4,1440,0,0
10653,80904,0,0,13,4,1690,0,0
10654,80904,1,0,14,4,1960,0,0
10655,80904,2,0,15,4,2250,0,0
10656,80904,3,0,16,5,2560,0,0
10657,80905,0,0,17,5,2890,0,0
10658,80905,1,0,18,5,3240,0,0
10659,80905,2,0,19,5,3610,0,0
10660,80905,3,0,20,6,4000,0,0
10661,80906,0,0,21,6,4410,0,0
10662,80906,1,0,22,6,4840,0,0
10663,80906,2,0,23,6,5290,0,0
10664,80906,3,0,24,7,5760,0,0
10665,80907,0,0,25,7,6250,0,0
10666,80907,1,0,26,7,6760,0,0
10667,80907,2,0,27,7,7290,0,0
10668,80907,3,0,28,8,7840,0,0
10669,80908,0,0,29,8,8410,0,0
10670,80908,1,0,30,8,9000,0,0
10671,80908,2,0,31,8,9610,0,0
10672,80908,3,0,32,9,10240,0,0
10673,80909,0,0,33,9,10890,0,0
10674,80909,1,0,34,9,11560,0,0
10675,80909,2,0,35,9,12250,0,0
10676,80909,3,0,36,10,12960,0,0
10677,80910,0,0,37,10,13690,0,0
10678,80910,1,0,38,10,14440,0,0
10679,80910,2,0,39,10,15210,0,0
10680,80910,3,0,40,11,16000,0,0
10681,80911,0,0,41,11,16810,0,0
10682,80911,1,0,42,11,17640,0,0
10683,80911,2,0,43,11,18490,0,0
10684,80911,3,0,44,12,19360,0,0
10685,80912,0,0,45,12,20250,0,0
10686,80912,1,0,46,12,21160,0,0
10687,80912,2,0,47,12,22090,0,0
10688,80912,3,0,48,13,23040,0,0
10689,80913,0,0,49,13,24010,0,0
10690,80913,1,0,50,13,25000,0,0
10691,80913,2,0,51,13,26010,0,0
10692,80913,3,0,52,14,27040,0,0
10693,80914,0,0,53,14,28090,0,0
10694,80914,1,0,54,14,29160,0,0
10695,80914,2,0,55,14,30250,0,0
10696,80914,3,0,56,15,31360,0,0
10697,80915,0,0,57,15,32490,0,0
10698,80915,1,0,58,15,33640,0,0
10699,80915,2,0,59,15,34810,0,0
10700,80915,3,0,60,16,36000,0,0
10701,80916,0,0,61,16,37210,0,0
10702,80916,1,0,62,16,38440,0,0
10703,80916,2,0,63,16,39690,0,0
10704,80916,3,0,64,17,40960,0,0
10705,80917,0,0,65,17,42250,0,0
10706,80917,1,0,66,17,43560,0,0
10707,80917,2,0,67,17,44890,0,0
10708,80917,3,0,68,18,46240,0,0
10709,80918,0,0,69,18,47610,0,0
10710,80918,1,0,70,18,49000,0,0
10711,80918,2,0,71,18,50410,0,0
10712,80918,3,0,72,19,51840,0,0
10713,80919,0,0,73,19,53290,0,0
10714,80919,1,0,74,19,54760,0,0
10715,80919,2,0,75,19,56250,0,0
10716,80919,3,0,76,20,57760,0,0
10717,80920,0,0,77,20,59290,0,0
10718,80920,1,0,78,20,60840,0,0
10719,80920,2,0,79,20,62410,0,0
10720,80920,3,0,80,21,64000,0,0
10721,81001,0,0,1,1,10,0,0
10722,81001,1,0,2,1,40,0,0
10723,81001,2,0,3,1,90,0,0
10724,81001,3,0,4,2,160,0,0
10725,81002,0,0,5,2,250,0,0
10726,81002,1,0,6,2,360,0,0
10727,81002,2,0,7,2,490,0,0
10728,81002,3,0,8,3,640,0,0
10729,81003,0,0,9,3,810,0,0
10730,81003,1,0,10,3,1000,0,0
10731,81003,2,0,11,3,1210,0,0
10732,81003,3,0,12,4,1440,0,0
10733,81004,0,0,13,4,1690,0,0
10734,81004,1,0,14,4,1960,0,0
10735,81004,2,0,15,4,2250,0,0
10736,81004,3,0,16,5,2560,0,0
10737,81005,0,0,17,5,2890,0,0
10738,81005,1,0,18,5,3240,0,0
10739,81005,2,0,19,5,3610,0,0
10740,81005,3,0,20,6,4000,0,0
10741,81006,0,0,21,6,4410,0,0
10742,81006,1,0,22,6,4840,0,0
10743,81006,2,0,23,6,5290,0,0
10744,81006,3,0,24,7,5760,0,0
10745,81007,0,0,25,7,6250,0,0
10746,81007,1,0,26,7,6760,0,0
10747,81007,2,0,27,7,7290,0,0
10748,81007,3,0,28,8,7840,0,0
10749,81008,0,0,29,8,8410,0,0
10750,81008,1,0,30,8,9000,0,0
10751,81008,2,0,31,8,9610,0,0
10752,81008,3,0,32,9,10240,0,0
10753,81009,0,0,33,9,10890,0,0
10754,81009,1,0,34,9,11560,0,0
10755,81009,2,0,35,9,12250,0,0
10756,81009,3,0,36,10,12960,0,0
10757,81010,0,0,37,10,13690,0,0
10758,81010,1,0,38,10,14440,0,0
10759,81010,2,0,39,10,15210,0,0
10760,81010,3,0,40,11,16000,0,0
10761,81011,0,0,41,11,16810,0,0
10762,81011,1,0,42,11,17640,0,0
10763,81011,2,0,43,11,18490,0,0
10764,81011,3,0,44,12,19360,0,0
10765,81012,0,0,45,12,20250,0,0
10766,81012,1,0,46,12,21160,0,0
10767,81012,2,0,47,12,22090,0,0
10768,81012,3,0,48,13,23040,0,0
10769,81013,0,0,49,13,24010,0,0
10770,81013,1,0,50,13,25000,0,0
10771,81013,2,0,51,13,26010,0,0
10772,81013,3,0,52,14,27040,0,0
10773,81014,0,0,53,14,28090,0,0
10774,81014,1,0,54,14,29160,0,0
10775,81014,2,0,55,14,30250,0,0
10776,81014,3,0,56,15,31360,0,0
10777,81015,0,0,57,15,32490,0,0
10778,81015,1,0,58,15,33640,0,0
10779,81015,2,0,59,15,34810,0,0
10780,81015,3,0,60,16,36000,0,0
10781,81016,0,0,61,16,37210,0,0
10782,81016,1,0,62,16,38440,0,0
10783,81016,2,0,63,16,39690,0,0
10784,81016,3,0,64,17,40960,0,0
10785,81017,0,0,65,17,42250,0,0
10786,81017,1,0,66,17,43560,0,0
10787,81017,2,0,67,17,44890,0,0
10788,81017,3,0,68,18,46240,0,0
10789,81018,0,0,69,18,47610,0,0
10790,81018,1,0,70,18,49000,0,0
10791,81018,2,0,71,18,50410,0,0
10792,81018,3,0,72,19,51840,0,0
10793,81019,0,0,73,19,53290,0,0
10794,81019,1,0,74,19,54760,0,0
10795,81019,2,0,75,19,56250,0,0
10796,81019,3,0,76,20,57760,0,0
10797,81020,0,0,77,20,59290,0,0
10798,81020,1,0,78,20,60840,0,0
10799,81020,2,0,79,20,62410,0,0
10800,81020,3,0,80,21,64000,0,0
10801,81101,0,0,1,1,10,0,0
10802,81101,1,0,2,1,40,0,0
10803,81101,2,0,3,1,90,0,0
10804,81101,3,0,4,2,160,0,0
10805,81102,0,0,5,2,250,0,0
10806,81102,1,0,6,2,360,0,0
10807,81102,2,0,7,2,490,0,0
10808,81102,3,0,8,3,640,0,0
10809,81103,0,0,9,3,810,0,0
10810,81103,1,0,10,3,1000,0,0
10811,81103,2,0,11,3,1210,0,0
10812,81103,3,0,12,4,1440,0,0
10813,81104,0,0,13,4,1690,0,0
10814,81104,1,0,14,4,1960,0,0
10815,81104,2,0,15,4,2250,0,0
10816,81104,3,0,16,5,2560,0,0
10817,81105,0,0,17,5,2890,0,0
10818,81105,1,0,18,5,3240,0,0
10819,81105,2,0,19,5,3610,0,0
10820,81105,3,0,20,6,4000,0,0
10821,81106,0,0,21,6,4410,0,0
10822,81106,1,0,22,6,4840,0,0
10823,81106,2,0,23,6,5290,0,0
10824,81106,3,0,24,7,5760,0,0
10825,81107,0,0,25,7,6250,0,0
10826,81107,1,0,26,7,6760,0,0
10827,81107,2,0,27,7,7290,0,0
10828,81107,3,0,28,8,7840,0,0
10829,81108,0,0,29,8,8410,0,0
10830,81108,1,0,30,8,9000,0,0
10831,81108,2,0,31,8,9610,0,0
10832,81108,3,0,32,9,10240,0,0
10833,81109,0,0,33,9,10890,0,0
10834,81109,1,0,34,9,11560,0,0
10835,81109,2,0,35,9,12250,0,0
10836,81109,3,0,36,10,12960,0,0
10837,81110,0,0,37,10,13690,0,0
10838,81110,1,0,38,10,14440,0,0
10839,81110,2,0,39,10,15210,0,0
10840,81110,3,0,40,11,16000,0,0
10841,81111,0,0,41,11,16810,0,0
10842,81111,1,0,42,11,17640,0,0
10843,81111,2,0,43,11,18490,0,0
10844,81111,3,0,44,12,19360,0,0
10845,81112,0,0,45,12,20250,0,0
10846,81112,1,0,46,12,21160,0,0
10847,81112,2,0,47,12,22090,0,0
10848,81112,3,0,48,13,23040,0,0
10849,81113,0,0,49,13,24010,0,0
10850,81113,1,0,50,13,25000,0,0
10851,81113,2,0,51,13,26010,0,0
10852,81113,3,0,52,14,27040,0,0
10853,81114,0,0,53,14,28090,0,0
10854,81114,1,0,54,14,29160,0,0
10855,81114,2,0,55,14,30250,0,0
10856,81114,3,0,56,15,31360,0,0
10857,81115,0,0,57,15,32490,0,0
10858,81115,1,0,58,15,33640,0,0
10859,81115,2,0,59,15,34810,0,0
10860,81115,3,0,60,16,36000,0,0
10861,81116,0,0,61,16,37210,0,0
10862,81116,1,0,62,16,38440,0,0
10863,81116,2,0,63,16,39690,0,0
10864,81116,3,0,64,17,40960,0,0
10865,81117,0,0,65,17,42250,0,0
10866,81117,1,0,66,17,43560,0,0
10867,81117,2,0,67,17,44890,0,0
10868,81117,3,0,68,18,46240,0,0
10869,81118,0,0,69,18,47610,0,0
10870,81118,1,0,70,18,49000,0,0
10871,81118,2,0,71,18,50410,0,0
10872,81118,3,0,72,19,51840,0,0
10873,81119,0,0,73,19,53290,0,0
10874,81119,1,0,74,19,54760,0,0
10875,81119,2,0,75,19,56250,0,0
10876,81119,3,0,76,20,57760,0,0
10877,81120,0,0,77,20,59290,0,0
10878,81120,1,0,78,20,60840,0,0
10879,81120,2,0,79,20,62410,0,0
10880,81120,3,0,80,21,64000,0,0
10881,81201,0,0,1,1,10,0,0
10882,81201,1,0,2,1,40,0,0
10883,81201,2,0,3,1,90,0,0
10884,81201,3,0,4,2,160,0,0
10885,81202,0,0,5,2,250,0,0
10886,81202,1,0,6,2,360,0,0
10887,81202,2,0,7,2,490,0,0
10888,81202,3,0,8,3,640,0,0
10889,81203,0,0,9,3,810,0,0
10890,81203,1,0,10,3,1000,0,0
10891,81203,2,0,11,3,1210,0,0
10892,81203,3,0,12,4,1440,0,0
10893,81204,0,0,13,4,1690,0,0
10894,81204,1,0,14,4,1960,0,0
10895,81204,2,0,15,4,2250,0,0
10896,81204,3,0,16,5,2560,0,0
10897,81205,0,0,17,5,2890,0,0
10898,81205,1,0,18,5,3240,0,0
10899,81205,2,0,19,5,3610,0,0
10900,81205,3,0,20,6,4000,0,0
10901,81206,0,0,21,6,4410,0,0
10902,81206,1,0,22,6,4840,0,0
10903,81206,2,0,23,6,5290,0,0
10904,81206,3,0,24,7,5760,0,0
10905,81207,0,0,25,7,6250,0,0
10906,81207,1,0,26,7,6760,0,0
10907,81207,2,0,27,7,7290,0,0
10908,81207,3,0,28,8,7840,0,0
10909,81208,0,0,29,8,8410,0,0
10910,81208,1,0,30,8,9000,0,0
10911,81208,2,0,31,8,9610,0,0
10912,81208,3,0,32,9,10240,0,0
10913,81209,0,0,33,9,10890,0,0
10914,81209,1,0,34,9,11560,0,0
10915,81209,2,0,35,9,12250,0,0
10916,81209,3,0,36,10,12960,0,0
10917,81210,0,0,37,10,13690,0,0
10918,81210,1,0,38,10,14440,0,0
10919,81210,2,0,39,10,15210,0,0
10920,81210,3,0,40,11,16000,0,0
10921,81211,0,0,41,11,16810,0,0
10922,81211,1,0,42,11,17640,0,0
10923,81211,2,0,43,11,18490,0,0
10924,81211,3,0,44,12,19360,0,0
10925,81212,0,0,45,12,20250,0,0
10926,81212,1,0,46,12,21160,0,0
10927,81212,2,0,47,12,22090,0,0
10928,81212,3,0,48,13,23040,0,0
10929,81213,0,0,49,13,24010,0,0
10930,81213,1,0,50,13,25000,0,0
10931,81213,2,0,51,13,26010,0,0
10932,81213,3,0,52,14,27040,0,0
10933,81214,0,0,53,14,28090,0,0
10934,81214,1,0,54,14,29160,0,0
10935,81214,2,0,55,14,30250,0,0
10936,81214,3,0,56,15,31360,0,0
10937,81215,0,0,57,15,32490,0,0
10938,81215,1,0,58,15,33640,0,0
10939,81215,2,0,59,15,34810,0,0
10940,81215,3,0,60,16,36000,0,0
10941,81216,0,0,61,16,37210,0,0
10942,81216,1,0,62,16,38440,0,0
10943,81216,2,0,63,16,39690,0,0
10944,81216,3,0,64,17,40960,0,0
10945,81217,0,0,65,17,42250,0,0
10946,81217,1,0,66,17,43560,0,0
10947,81217,2,0,67,17,44890,0,0
10948,81217,3,0,68,18,46240,0,0
10949,81218,0,0,69,18,47610,0,0
10950,81218,1,0,70,18,49000,0,0
10951,81218,2,0,71,18,50410,0,0
10952,81218,3,0,72,19,51840,0,0
10953,81219,0,0,73,19,53290,0,0
10954,81219,1,0,74,19,54760,0,0
10955,81219,2,0,75,19,56250,0,0
10956,81219,3,0,76,20,57760,0,0
10957,81220,0,0,77,20,59290,0,0
10958,81220,1,0,78,20,60840,0,0
10959,81220,2,0,79,20,62410,0,0
10960,81220,3,0,80,21,64000,0,0
10961,81301,0,0,1,1,10,0,0
10962,81301,1,0,2,1,40,0,0
10963,81301,2,0,3,1,90,0,0
10964,81301,3,0,4,2,160,0,0
10965,81302,0,0,5,2,250,0,0
10966,81302,1,0,6,2,360,0,0
10967,81302,2,0,7,2,490,0,0
10968,81302,3,0,8,3,640,0,0
10969,81303,0,0,9,3,810,0,0
10970,81303,1,0,10,3,1000,0,0
10971,81303,2,0,11,3,1210,0,0
10972,81303,3,0,12,4,1440,0,0
10973,81304,0,0,13,4,1690,0,0
10974,81304,1,0,14,4,1960,0,0
10975,81304,2,0,15,4,2250,0,0
10976,81304,3,0,16,5,2560,0,0
10977,81305,0,0,17,5,2890,0,0
10978,81305,1,0,18,5,3240,0,0
10979,81305,2,0,19,5,3610,0,0
10980,81305,3,0,20,6,4000,0,0
10981,81306,0,0,21,6,4410,0,0
10982,81306,1,0,22,6,4840,0,0
10983,81306,2,0,23,6,5290,0,0
10984,81306,3,0,24,7,5760,0,0
10985,81307,0,0,25,7,6250,0,0
10986,81307,1,0,26,7,6760,0,0
10987,81307,2,0,27,7,7290,0,0
10988,81307,3,0,28,8,7840,0,0
10989,81308,0,0,29,8,8410,0,0
10990,81308,1,0,30,8,9000,0,0
10991,81308,2,0,31,8,9610,0,0
10992,81308,3,0,32,9,10240,0,0
10993,81309,0,0,33,9,10890,0,0
10994,81309,1,0,34,9,11560,0,0
10995,81309,2,0,35,9,12250,0,0
10996,81309,3,0,36,10,12960,0,0
10997,81310,0,0,37,10,13690,0,0
10998,81310,1,0,38,10,14440,0,0
10999,81310,2,0,39,10,15210,0,0
11000,81310,3,0,40,11,16000,0,0
11001,81311,0,0,41,11,16810,0,0
11002,81311,1,0,42,11,17640,0,0
11003,81311,2,0,43,11,18490,0,0
11004,81311,3,0,44,12,19360,0,0
11005,81312,0,0,45,12,20250,0,0
11006,81312,1,0,46,12,21160,0,0
11007,81312,2,0,47,12,22090,0,0
11008,81312,3,0,48,13,23040,0,0
11009,81313,0,0,49,13,24010,0,0
11010,81313,1,0,50,13,25000,0,0
11011,81313,2,0,51,13,26010,0,0
11012,81313,3,0,52,14,27040,0,0
11013,81314,0,0,53,14,28090,0,0
11014,81314,1,0,54,14,29160,0,0
11015,81314,2,0,55,14,30250,0,0
11016,81314,3,0,56,15,31360,0,0
11017,81315,0,0,57,15,32490,0,0
11018,81315,1,0,58,15,33640,0,0
11019,81315,2,0,59,15,34810,0,0
11020,81315,3,0,60,16,36000,0,0
11021,81316,0,0,61,16,37210,0,0
11022,81316,1,0,62,16,38440,0,0
11023,81316,2,0,63,16,39690,0,0
11024,81316,3,0,64,17,40960,0,0
11025,81317,0,0,65,17,42250,0,0
11026,81317,1,0,66,17,43560,0,0
11027,81317,2,0,67,17,44890,0,0
11028,81317,3,0,68,18,46240,0,0
11029,81318,0,0,69,18,47610,0,0
11030,81318,1,0,70,18,49000,0,0
11031,81318,2,0,71,18,50410,0,0
11032,81318,3,0,72,19,51840,0,0
11033,81319,0,0,73,19,53290,0,0
11034,81319,1,0,74,19,54760,0,0
11035,81319,2,0,75,19,56250,0,0
11036,81319,3,0,76,20,57760,0,0
11037,81320,0,0,77,20,59290,0,0
11038,81320,1,0,78,20,60840,0,0
11039,81320,2,0,79,20,62410,0,0
11040,81320,3,0,80,21,64000,0,0
11041,81401,0,0,1,1,10,0,0
11042,81401,1,0,2,1,40,0,0
11043,81401,2,0,3,1,90,0,0
11044,81401,3,0,4,2,160,0,0
11045,81402,0,0,5,2,250,0,0
11046,81402,1,0,6,2,360,0,0
11047,81402,2,0,7,2,490,0,0
11048,81402,3,0,8,3,640,0,0
11049,81403,0,0,9,3,810,0,0
11050,81403,1,0,10,3,1000,0,0
11051,81403,2,0,11,3,1210,0,0
11052,81403,3,0,12,4,1440,0,0
11053,81404,0,0,13,4,1690,0,0
11054,81404,1,0,14,4,1960,0,0
11055,81404,2,0,15,4,2250,0,0
11056,81404,3,0,16,5,2560,0,0
11057,81405,0,0,17,5,2890,0,0
11058,81405,1,0,18,5,3240,0,0
11059,81405,2,0,19,5,3610,0,0
11060,81405,3,0,20,6,4000,0,0
11061,81406,0,0,21,6,4410,0,0
11062,81406,1,0,22,6,4840,0,0
11063,81406,2,0,23,6,5290,0,0
11064,81406,3,0,24,7,5760,0,0
11065,81407,0,0,25,7,6250,0,0
11066,81407,1,0,26,7,6760,0,0
11067,81407,2,0,27,7,7290,0,0
11068,81407,3,0,28,8,7840,0,0
11069,81408,0,0,29,8,8410,0,0
11070,81408,1,0,30,8,9000,0,0
11071,81408,2,0,31,8,9610,0,0
11072,81408,3,0,32,9,10240,0,0
11073,81409,0,0,33,9,10890,0,0
11074,81409,1,0,34,9,11560,0,0
11075,81409,2,0,35,9,12250,0,0
11076,81409,3,0,36,10,12960,0,0
11077,81410,0,0,37,10,13690,0,0
11078,81410,1,0,38,10,14440,0,0
11079,81410,2,0,39,10,15210,0,0
11080,81410,3,0,40,11,16000,0,0
11081,81411,0,0,41,11,16810,0,0
11082,81411,1,0,42,11,17640,0,0
11083,81411,2,0,43,11,18490,0,0
11084,81411,3,0,44,12,19360,0,0
11085,81412,0,0,45,12,20250,0,0
11086,81412,1,0,46,12,21160,0,0
11087,81412,2,0,47,12,22090,0,0
11088,81412,3,0,48,13,23040,0,0
11089,81413,0,0,49,13,24010,0,0
11090,81413,1,0,50,13,25000,0,0
11091,81413,2,0,51,13,26010,0,0
11092,81413,3,0,52,14,27040,0,0
11093,81414,0,0,53,14,28090,0,0
11094,81414,1,0,54,14,29160,0,0
11095,81414,2,0,55,14,30250,0,0
11096,81414,3,0,56,15,31360,0,0
11097,81415,0,0,57,15,32490,0,0
11098,81415,1,0,58,15,33640,0,0
11099,81415,2,0,59,15,34810,0,0
11100,81415,3,0,60,16,36000,0,0
11101,81416,0,0,61,16,37210,0,0
11102,81416,1,0,62,16,38440,0,0
11103,81416,2,0,63,16,39690,0,0
11104,81416,3,0,64,17,40960,0,0
11105,81417,0,0,65,17,42250,0,0
11106,81417,1,0,66,17,43560,0,0
11107,81417,2,0,67,17,44890,0,0
11108,81417,3,0,68,18,46240,0,0
11109,81418,0,0,69,18,47610,0,0
11110,81418,1,0,70,18,49000,0,0
11111,81418,2,0,71,18,50410,0,0
11112,81418,3,0,72,19,51840,0,0
11113,81419,0,0,73,19,53290,0,0
11114,81419,1,0,74,19,54760,0,0
11115,81419,2,0,75,19,56250,0,0
11116,81419,3,0,76,20,57760,0,0
11117,81420,0,0,77,20,59290,0,0
11118,81420,1,0,78,20,60840,0,0
11119,81420,2,0,79,20,62410,0,0
11120,81420,3,0,80,21,64000,0,0
11121,81501,0,0,3,3,90,0,0
11122,81501,1,0,6,3,360,0,0
11123,81501,2,0,9,3,810,0,0
11124,81501,3,0,12,6,1440,0,0
11125,81502,0,0,15,6,2250,0,0
11126,81502,1,0,18,6,3240,0,0
11127,81502,2,0,21,6,4410,0,0
11128,81502,3,0,24,9,5760,0,0
11129,81503,0,0,27,9,7290,0,0
11130,81503,1,0,30,9,9000,0,0
11131,81503,2,0,33,9,10890,0,0
11132,81503,3,0,36,12,12960,0,0
11133,81504,0,0,39,12,15210,0,0
11134,81504,1,0,42,12,17640,0,0
11135,81504,2,0,45,12,20250,0,0
11136,81504,3,0,48,15,23040,0,0
11137,81505,0,0,51,15,26010,0,0
11138,81505,1,0,54,15,29160,0,0
11139,81505,2,0,57,15,32490,0,0
11140,81505,3,0,60,18,36000,0,0
11141,81506,0,0,63,18,39690,0,0
11142,81506,1,0,66,18,43560,0,0
11143,81506,2,0,69,18,47610,0,0
11144,81506,3,0,72,21,51840,0,0
11145,81507,0,0,75,21,56250,0,0
11146,81507,1,0,78,21,60840,0,0
11147,81507,2,0,81,21,65610,0,0
11148,81507,3,0,84,24,70560,0,0
11149,81508,0,0,87,24,75690,0,0
11150,81508,1,0,90,24,81000,0,0
11151,81508,2,0,93,24,86490,0,0
11152,81508,3,0,96,27,92160,0,0
11153,81509,0,0,99,27,98010,0,0
11154,81509,1,0,102,27,104040,0,0
11155,81509,2,0,105,27,110250,0,0
11156,81509,3,0,108,30,116640,0,0
11157,81510,0,0,111,30,123210,0,0
11158,81510,1,0,114,30,129960,0,0
11159,81510,2,0,117,30,136890,0,0
11160,81510,3,0,120,33,144000,0,0
11161,81511,0,0,123,33,151290,0,0
11162,81511,1,0,126,33,158760,0,0
11163,81511,2,0,129,33,166410,0,0
11164,81511,3,0,132,36,174240,0,0
11165,81512,0,0,135,36,182250,0,0
11166,81512,1,0,138,36,190440,0,0
11167,81512,2,0,141,36,198810,0,0
11168,81512,3,0,144,39,207360,0,0
11169,81513,0,0,147,39,216090,0,0
11170,81513,1,0,150,39,225000,0,0
11171,81513,2,0,153,39,234090,0,0
11172,81513,3,0,156,42,243360,0,0
11173,81514,0,0,159,42,252810,0,0
11174,81514,1,0,162,42,262440,0,0
11175,81514,2,0,165,42,272250,0,0
11176,81514,3,0,168,45,282240,0,0
11177,81515,0,0,171,45,292410,0,0
11178,81515,1,0,174,45,302760,0,0
11179,81515,2,0,177,45,313290,0,0
11180,81515,3,0,180,48,324000,0,0
11181,81516,0,0,183,48,334890,0,0
11182,81516,1,0,186,48,345960,0,0
11183,81516,2,0,189,48,357210,0,0
11184,81516,3,0,192,51,368640,0,0
11185,81517,0,0,195,51,380250,0,0
11186,81517,1,0,198,51,392040,0,0
11187,81517,2,0,201,51,404010,0,0
11188,81517,3,0,204,54,416160,0,0
11189,81518,0,0,207,54,428490,0,0
11190,81518,1,0,210,54,441000,0,0
11191,81518,2,0,213,54,453690,0,0
11192,81518,3,0,216,57,466560,0,0
11193,81519,0,0,219,57,479610,0,0
11194,81519,1,0,222,57,492840,0,0
11195,81519,2,0,225,57,506250,0,0
11196,81519,3,0,228,60,519840,0,0
11197,81520,0,0,231,60,533610,0,0
11198,81520,1,0,234,60,547560,0,0
11199,81520,2,0,237,60,561690,0,0
11200,81520,3,0,240,63,576000,0,0
11201,81601,0,0,3,3,90,0,0
11202,81601,1,0,6,3,360,0,0
11203,81601,2,0,9,3,810,0,0
11204,81601,3,0,12,6,1440,0,0
11205,81602,0,0,15,6,2250,0,0
11206,81602,1,0,18,6,3240,0,0
11207,81602,2,0,21,6,4410,0,0
11208,81602,3,0,24,9,5760,0,0
11209,81603,0,0,27,9,7290,0,0
11210,81603,1,0,30,9,9000,0,0
11211,81603,2,0,33,9,10890,0,0
11212,81603,3,0,36,12,12960,0,0
11213,81604,0,0,39,12,15210,0,0
11214,81604,1,0,42,12,17640,0,0
11215,81604,2,0,45,12,20250,0,0
11216,81604,3,0,48,15,23040,0,0
11217,81605,0,0,51,15,26010,0,0
11218,81605,1,0,54,15,29160,0,0
11219,81605,2,0,57,15,32490,0,0
11220,81605,3,0,60,18,36000,0,0
11221,81606,0,0,63,18,39690,0,0
11222,81606,1,0,66,18,43560,0,0
11223,81606,2,0,69,18,47610,0,0
11224,81606,3,0,72,21,51840,0,0
11225,81607,0,0,75,21,56250,0,0
11226,81607,1,0,78,21,60840,0,0
11227,81607,2,0,81,21,65610,0,0
11228,81607,3,0,84,24,70560,0,0
11229,81608,0,0,87,24,75690,0,0
11230,81608,1,0,90,24,81000,0,0
11231,81608,2,0,93,24,86490,0,0
11232,81608,3,0,96,27,92160,0,0
11233,81609,0,0,99,27,98010,0,0
11234,81609,1,0,102,27,104040,0,0
11235,81609,2,0,105,27,110250,0,0
11236,81609,3,0,108,30,116640,0,0
11237,81610,0,0,111,30,123210,0,0
11238,81610,1,0,114,30,129960,0,0
11239,81610,2,0,117,30,136890,0,0
11240,81610,3,0,120,33,144000,0,0
11241,81611,0,0,123,33,151290,0,0
11242,81611,1,0,126,33,158760,0,0
11243,81611,2,0,129,33,166410,0,0
11244,81611,3,0,132,36,174240,0,0
11245,81612,0,0,135,36,182250,0,0
11246,81612,1,0,138,36,190440,0,0
11247,81612,2,0,141,36,198810,0,0
11248,81612,3,0,144,39,207360,0,0
11249,81613,0,0,147,39,216090,0,0
11250,81613,1,0,150,39,225000,0,0
11251,81613,2,0,153,39,234090,0,0
11252,81613,3,0,156,42,243360,0,0
11253,81614,0,0,159,42,252810,0,0
11254,81614,1,0,162,42,262440,0,0
11255,81614,2,0,165,42,272250,0,0
11256,81614,3,0,168,45,282240,0,0
11257,81615,0,0,171,45,292410,0,0
11258,81615,1,0,174,45,302760,0,0
11259,81615,2,0,177,45,313290,0,0
11260,81615,3,0,180,48,324000,0,0
11261,81616,0,0,183,48,334890,0,0
11262,81616,1,0,186,48,345960,0,0
11263,81616,2,0,189,48,357210,0,0
11264,81616,3,0,192,51,368640,0,0
11265,81617,0,0,195,51,380250,0,0
11266,81617,1,0,198,51,392040,0,0
11267,81617,2,0,201,51,404010,0,0
11268,81617,3,0,204,54,416160,0,0
11269,81618,0,0,207,54,428490,0,0
11270,81618,1,0,210,54,441000,0,0
11271,81618,2,0,213,54,453690,0,0
11272,81618,3,0,216,57,466560,0,0
11273,81619,0,0,219,57,479610,0,0
11274,81619,1,0,222,57,492840,0,0
11275,81619,2,0,225,57,506250,0,0
11276,81619,3,0,228,60,519840,0,0
11277,81620,0,0,231,60,533610,0,0
11278,81620,1,0,234,60,547560,0,0
11279,81620,2,0,237,60,561690,0,0
11280,81620,3,0,240,63,576000,0,0
11281,81701,0,0,4,4,160,0,0
11282,81701,1,0,8,4,640,0,0
11283,81701,2,0,12,4,1440,0,0
11284,81701,3,0,16,8,2560,0,0
11285,81702,0,0,20,8,4000,0,0
11286,81702,1,0,24,8,5760,0,0
11287,81702,2,0,28,8,7840,0,0
11288,81702,3,0,32,12,10240,0,0
11289,81703,0,0,36,12,12960,0,0
11290,81703,1,0,40,12,16000,0,0
11291,81703,2,0,44,12,19360,0,0
11292,81703,3,0,48,16,23040,0,0
11293,81704,0,0,52,16,27040,0,0
11294,81704,1,0,56,16,31360,0,0
11295,81704,2,0,60,16,36000,0,0
11296,81704,3,0,64,20,40960,0,0
11297,81705,0,0,68,20,46240,0,0
11298,81705,1,0,72,20,51840,0,0
11299,81705,2,0,76,20,57760,0,0
11300,81705,3,0,80,24,64000,0,0
11301,81706,0,0,84,24,70560,0,0
11302,81706,1,0,88,24,77440,0,0
11303,81706,2,0,92,24,84640,0,0
11304,81706,3,0,96,28,92160,0,0
11305,81707,0,0,100,28,100000,0,0
11306,81707,1,0,104,28,108160,0,0
11307,81707,2,0,108,28,116640,0,0
11308,81707,3,0,112,32,125440,0,0
11309,81708,0,0,116,32,134560,0,0
11310,81708,1,0,120,32,144000,0,0
11311,81708,2,0,124,32,153760,0,0
11312,81708,3,0,128,36,163840,0,0
11313,81709,0,0,132,36,174240,0,0
11314,81709,1,0,136,36,184960,0,0
11315,81709,2,0,140,36,196000,0,0
11316,81709,3,0,144,40,207360,0,0
11317,81710,0,0,148,40,219040,0,0
11318,81710,1,0,152,40,231040,0,0
11319,81710,2,0,156,40,243360,0,0
11320,81710,3,0,160,44,256000,0,0
11321,81711,0,0,164,44,268960,0,0
11322,81711,1,0,168,44,282240,0,0
11323,81711,2,0,172,44,295840,0,0
11324,81711,3,0,176,48,309760,0,0
11325,81712,0,0,180,48,324000,0,0
11326,81712,1,0,184,48,338560,0,0
11327,81712,2,0,188,48,353440,0,0
11328,81712,3,0,192,52,368640,0,0
11329,81713,0,0,196,52,384160,0,0
11330,81713,1,0,200,52,400000,0,0
11331,81713,2,0,204,52,416160,0,0
11332,81713,3,0,208,56,432640,0,0
11333,81714,0,0,212,56,449440,0,0
11334,81714,1,0,216,56,466560,0,0
11335,81714,2,0,220,56,484000,0,0
11336,81714,3,0,224,60,501760,0,0
11337,81715,0,0,228,60,519840,0,0
11338,81715,1,0,232,60,538240,0,0
11339,81715,2,0,236,60,556960,0,0
11340,81715,3,0,240,64,576000,0,0
11341,81716,0,0,244,64,595360,0,0
11342,81716,1,0,248,64,615040,0,0
11343,81716,2,0,252,64,635040,0,0
11344,81716,3,0,256,68,655360,0,0
11345,81717,0,0,260,68,676000,0,0
11346,81717,1,0,264,68,696960,0,0
11347,81717,2,0,268,68,718240,0,0
11348,81717,3,0,272,72,739840,0,0
11349,81718,0,0,276,72,761760,0,0
11350,81718,1,0,280,72,784000,0,0
11351,81718,2,0,284,72,806560,0,0
11352,81718,3,0,288,76,829440,0,0
11353,81719,0,0,292,76,852640,0,0
11354,81719,1,0,296,76,876160,0,0
11355,81719,2,0,300,76,900000,0,0
11356,81719,3,0,304,80,924160,0,0
11357,81720,0,0,308,80,948640,0,0
11358,81720,1,0,312,80,973440,0,0
11359,81720,2,0,316,80,998560,0,0
11360,81720,3,0,320,84,1024000,0,0
,,,,,,,,
,,,,,,,,
,,,,,,,,
,,,,,,,,
,,,,,,,,
,,,,,,,,
,,,,,,,,
,,,,,,,,
,,,,,,,,
,,,,,,,,
,,,,,,,,
,,,,,,,,
,,,,,,,,
,,,,,,,,
,,,,,,,,
,,,,,,,,
,,,,,,,,
,,,,,,,,
,,,,,,,,
,,,,,,,,
,,,,,,,,
,,,,,,,,
,,,,,,,,
,,,,,,,,
,,,,,,,,
,,,,,,,,
,,,,,,,,
,,,,,,,,
,,,,,,,,
,,,,,,,,
,,,,,,,,
,,,,,,,,
,,,,,,,,
,,,,,,,,
,,,,,,,,
,,,,,,,,
,,,,,,,,
,,,,,,,,
,,,,,,,,
,,,,,,,,
,,,,,,,,
,,,,,,,,
,,,,,,,,
,,,,,,,,
,,,,,,,,
,,,,,,,,
,,,,,,,,
,,,,,,,,
,,,,,,,,
,,,,,,,,
,,,,,,,,
,,,,,,,,
,,,,,,,,
,,,,,,,,
,,,,,,,,
,,,,,,,,
,,,,,,,,
,,,,,,,,
,,,,,,,,
,,,,,,,,
,,,,,,,,
,,,,,,,,
,,,,,,,,
,,,,,,,,
,,,,,,,,
,,,,,,,,
,,,,,,,,
,,,,,,,,
,,,,,,,,
,,,,,,,,
,,,,,,,,
,,,,,,,,
,,,,,,,,
,,,,,,,,
,,,,,,,,
,,,,,,,,
,,,,,,,,
,,,,,,,,
,,,,,,,,
,,,,,,,,
,,,,,,,,
,,,,,,,,
,,,,,,,,
,,,,,,,,
,,,,,,,,
,,,,,,,,
,,,,,,,,
,,,,,,,,
,,,,,,,,
,,,,,,,,
,,,,,,,,
