prop_id,prop_name,prop_kind,prop_type,prop_part,prop_power,if_use,if_forge,prop_level,img1_id,img2_id,if_drop,null
80101,短剑,1,1,1,10,0,1,1,80101,80101,1,0
80102,长剑,1,1,1,15,0,1,5,80102,80102,1,0
80103,重剑,1,1,1,20,0,1,10,80103,80103,1,0
80104,刺剑,1,1,1,25,0,1,15,80104,80104,1,0
80105,狼牙剑,1,1,1,30,0,1,20,80105,80105,1,0
80106,螺旋剑,1,1,1,40,0,1,25,80106,80106,1,0
80107,水银剑,1,1,1,50,0,1,30,80107,80107,1,0
80108,辉光剑,1,1,1,60,0,1,35,80108,80108,1,0
80109,赤铜剑,1,1,1,70,0,1,40,80109,80109,1,0
80110,贵族剑,1,1,1,80,0,1,45,80110,80110,1,0
80111,阿波剑,1,1,1,100,0,1,50,80111,80111,1,0
80112,坎亚剑,1,1,1,120,0,1,55,80112,80112,1,0
80113,混用剑,1,1,1,140,0,1,60,80113,80113,1,0
80114,黑山剑,1,1,1,160,0,1,65,80114,80114,1,0
80115,黄晶剑,1,1,1,180,0,1,70,80115,80115,1,0
80116,暗夜之轮,1,1,1,210,0,1,75,80116,80116,1,0
80117,雷鸣之光,1,1,1,240,0,1,80,80117,80117,1,0
80118,帝国之擎,1,1,1,270,0,1,85,80118,80118,1,0
80119,绿海之怒,1,1,1,300,0,1,90,80119,80119,1,0
80120,明月之殇,1,1,1,350,0,1,95,80120,80120,1,0
80201,小刀,1,2,1,10,0,1,1,80201,80201,1,0
80202,快刀,1,2,1,15,0,1,5,80202,80202,1,0
80203,军刀,1,2,1,20,0,1,10,80203,80203,1,0
80204,砍刀,1,2,1,25,0,1,15,80204,80204,1,0
80205,黑刃刀,1,2,1,30,0,1,20,80205,80205,1,0
80206,紫光刀,1,2,1,40,0,1,25,80206,80206,1,0
80207,刺魂刀,1,2,1,50,0,1,30,80207,80207,1,0
80208,芒纹刀,1,2,1,60,0,1,35,80208,80208,1,0
80209,晶魂刀,1,2,1,70,0,1,40,80209,80209,1,0
80210,阔板刀,1,2,1,80,0,1,45,80210,80210,1,0
80211,修格刀,1,2,1,100,0,1,50,80211,80211,1,0
80212,萨克刀,1,2,1,120,0,1,55,80212,80212,1,0
80213,伽马刀,1,2,1,140,0,1,60,80213,80213,1,0
80214,断刃刀,1,2,1,160,0,1,65,80214,80214,1,0
80215,冰风刀,1,2,1,180,0,1,70,80215,80215,1,0
80216,火龙之须,1,2,1,210,0,1,75,80216,80216,1,0
80217,地狱之门,1,2,1,240,0,1,80,80217,80217,1,0
80218,幸福之虹,1,2,1,270,0,1,85,80218,80218,1,0
80219,魔龙之斩,1,2,1,300,0,1,90,80219,80219,1,0
80220,撒旦之果,1,2,1,350,0,1,95,80220,80220,1,0
80301,木棍,1,3,1,10,0,1,1,80301,80301,1,0
80302,轻枪,1,3,1,15,0,1,5,80302,80302,1,0
80303,重枪,1,3,1,20,0,1,10,80303,80303,1,0
80304,伞枪,1,3,1,25,0,1,15,80304,80304,1,0
80305,链棍,1,3,1,30,0,1,20,80305,80305,1,0
80306,标枪,1,3,1,40,0,1,25,80306,80306,1,0
80307,竹叉戟,1,3,1,50,0,1,30,80307,80307,1,0
80308,椰木枪,1,3,1,60,0,1,35,80308,80308,1,0
80309,火矛枪,1,3,1,70,0,1,40,80309,80309,1,0
80310,蛇魂枪,1,3,1,80,0,1,45,80310,80310,1,0
80311,透骨枪,1,3,1,100,0,1,50,80311,80311,1,0
80312,塞特枪,1,3,1,120,0,1,55,80312,80312,1,0
80313,武神枪,1,3,1,140,0,1,60,80313,80313,1,0
80314,雷亟枪,1,3,1,160,0,1,65,80314,80314,1,0
80315,巫女枪,1,3,1,180,0,1,70,80315,80315,1,0
80316,皇城之护,1,3,1,210,0,1,75,80316,80316,1,0
80317,领袖之愤,1,3,1,240,0,1,80,80317,80317,1,0
80318,王权之征,1,3,1,270,0,1,85,80318,80318,1,0
80319,雷霆之厉,1,3,1,300,0,1,90,80319,80319,1,0
80320,天空之禁,1,3,1,350,0,1,95,80320,80320,1,0
80401,木杖,1,4,1,10,0,1,1,80401,80401,1,0
80402,扫帚,1,4,1,15,0,1,5,80402,80402,1,0
80403,羊杖,1,4,1,20,0,1,10,80403,80403,1,0
80404,手杖,1,4,1,25,0,1,15,80404,80404,1,0
80405,变形杖,1,4,1,30,0,1,20,80405,80405,1,0
80406,战斗杖,1,4,1,40,0,1,25,80406,80406,1,0
80407,玫瑰法杖,1,4,1,50,0,1,30,80407,80407,1,0
80408,冰雷法杖,1,4,1,60,0,1,35,80408,80408,1,0
80409,漩涡法杖,1,4,1,70,0,1,40,80409,80409,1,0
80410,血月法杖,1,4,1,80,0,1,45,80410,80410,1,0
80411,疗愈法杖,1,4,1,100,0,1,50,80411,80411,1,0
80412,羽翼法杖,1,4,1,120,0,1,55,80412,80412,1,0
80413,勾魂法杖,1,4,1,140,0,1,60,80413,80413,1,0
80414,神殿权杖,1,4,1,160,0,1,65,80414,80414,1,0
80415,火鸟法杖,1,4,1,180,0,1,70,80415,80415,1,0
80416,烈焰之风,1,4,1,210,0,1,75,80416,80416,1,0
80417,无声之恸,1,4,1,240,0,1,80,80417,80417,1,0
80418,神秘之蕴,1,4,1,270,0,1,85,80418,80418,1,0
80419,深渊之障,1,4,1,300,0,1,90,80419,80419,1,0
80420,魔王之恨,1,4,1,350,0,1,95,80420,80420,1,0
80501,木弓,1,5,1,10,0,1,1,80501,80501,1,0
80502,短弓,1,5,1,15,0,1,5,80502,80502,1,0
80503,长弓,1,5,1,20,0,1,10,80503,80503,1,0
80504,风弓,1,5,1,25,0,1,15,80504,80504,1,0
80505,强疾弓,1,5,1,30,0,1,20,80505,80505,1,0
80506,羽合弓,1,5,1,40,0,1,25,80506,80506,1,0
80507,枫染弓,1,5,1,50,0,1,30,80507,80507,1,0
80508,龙骨弓,1,5,1,60,0,1,35,80508,80508,1,0
80509,碧水弓,1,5,1,70,0,1,40,80509,80509,1,0
80510,蝉翼弓,1,5,1,80,0,1,45,80510,80510,1,0
80511,冰雪弓,1,5,1,100,0,1,50,80511,80511,1,0
80512,击云弓,1,5,1,120,0,1,55,80512,80512,1,0
80513,落月弓,1,5,1,140,0,1,60,80513,80513,1,0
80514,鹰眼弓,1,5,1,160,0,1,65,80514,80514,1,0
80515,反封弓,1,5,1,180,0,1,70,80515,80515,1,0
80516,星流之隐,1,5,1,210,0,1,75,80516,80516,1,0
80517,精灵之弧,1,5,1,240,0,1,80,80517,80517,1,0
80518,堑金之坠,1,5,1,270,0,1,85,80518,80518,1,0
80519,仙子之璇,1,5,1,300,0,1,90,80519,80519,1,0
80520,涅槃之沉,1,5,1,350,0,1,95,80520,80520,1,0
80601,袖珍手枪,1,6,1,10,0,1,1,80601,80601,1,0
80602,手枪,1,6,1,15,0,1,5,80602,80602,1,0
80603,皮套手枪,1,6,1,20,0,1,10,80603,80603,1,0
80604,火绳枪,1,6,1,25,0,1,15,80604,80604,1,0
80605,自动手枪,1,6,1,30,0,1,20,80605,80605,1,0
80606,鹰形手枪,1,6,1,40,0,1,25,80606,80606,1,0
80607,精致手枪,1,6,1,50,0,1,30,80607,80607,1,0
80608,步枪,1,6,1,60,0,1,35,80608,80608,1,0
80609,燧发枪,1,6,1,70,0,1,40,80609,80609,1,0
80610,西部手枪,1,6,1,80,0,1,45,80610,80610,1,0
80611,骨翼手枪,1,6,1,100,0,1,50,80611,80611,1,0
80612,突击枪,1,6,1,120,0,1,55,80612,80612,1,0
80613,连发枪,1,6,1,140,0,1,60,80613,80613,1,0
80614,重型手枪,1,6,1,160,0,1,65,80614,80614,1,0
80615,座炮,1,6,1,180,0,1,70,80615,80615,1,0
80616,三段之突,1,6,1,210,0,1,75,80616,80616,1,0
80617,破碎之冰,1,6,1,240,0,1,80,80617,80617,1,0
80618,海盗之勋,1,6,1,270,0,1,85,80618,80618,1,0
80619,战斧之巡,1,6,1,300,0,1,90,80619,80619,1,0
80620,荣耀之迹,1,6,1,350,0,1,95,80620,80620,1,0
80701,短斧,1,7,1,10,0,1,1,80701,80701,1,0
80702,长斧,1,7,1,15,0,1,5,80702,80702,1,0
80703,大斧,1,7,1,20,0,1,10,80703,80703,1,0
80704,板斧,1,7,1,25,0,1,15,80704,80704,1,0
80705,重型斧,1,7,1,30,0,1,20,80705,80705,1,0
80706,长柄斧,1,7,1,40,0,1,25,80706,80706,1,0
80707,破刃斧,1,7,1,50,0,1,30,80707,80707,1,0
80708,猎斧,1,7,1,60,0,1,35,80708,80708,1,0
80709,碎骨斧,1,7,1,70,0,1,40,80709,80709,1,0
80710,熔岩斧,1,7,1,80,0,1,45,80710,80710,1,0
80711,血魂斧,1,7,1,100,0,1,50,80711,80711,1,0
80712,镰刃斧,1,7,1,120,0,1,55,80712,80712,1,0
80713,骨刃斧,1,7,1,140,0,1,60,80713,80713,1,0
80714,暴风斧,1,7,1,160,0,1,65,80714,80714,1,0
80715,獠牙斧,1,7,1,180,0,1,70,80715,80715,1,0
80716,斩骨之晶,1,7,1,210,0,1,75,80716,80716,1,0
80717,寸血之染,1,7,1,240,0,1,80,80717,80717,1,0
80718,魔鬼之镰,1,7,1,270,0,1,85,80718,80718,1,0
80719,时空之异,1,7,1,300,0,1,90,80719,80719,1,0
80720,混沌之母,1,7,1,350,0,1,95,80720,80720,1,0
80801,尖盔,1,8,2,6,0,1,1,80801,80801,1,0
80802,巨盔,1,8,2,9,0,1,5,80802,80802,1,0
80803,战盔,1,8,2,12,0,1,10,80803,80803,1,0
80804,龙盔,1,8,2,15,0,1,15,80804,80804,1,0
80805,高卢盔,1,8,2,18,0,1,20,80805,80805,1,0
80806,四方盔,1,8,2,24,0,1,25,80806,80806,1,0
80807,决斗头盔,1,8,2,30,0,1,30,80807,80807,1,0
80808,污血头盔,1,8,2,36,0,1,35,80808,80808,1,0
80809,勇士头盔,1,8,2,42,0,1,40,80809,80809,1,0
80810,忍者头盔,1,8,2,48,0,1,45,80810,80810,1,0
80811,地魔头盔,1,8,2,60,0,1,50,80811,80811,1,0
80812,骸骨头盔,1,8,2,72,0,1,55,80812,80812,1,0
80813,武士头盔,1,8,2,84,0,1,60,80813,80813,1,0
80814,王者头盔,1,8,2,96,0,1,65,80814,80814,1,0
80815,幻影头盔,1,8,2,108,0,1,70,80815,80815,1,0
80816,圣光之耀,1,8,2,126,0,1,75,80816,80816,1,0
80817,比洛之盖,1,8,2,144,0,1,80,80817,80817,1,0
80818,不死之护,1,8,2,162,0,1,85,80818,80818,1,0
80819,英雄之造,1,8,2,180,0,1,90,80819,80819,1,0
80820,黑暗之名,1,8,2,210,0,1,95,80820,80820,1,0
80901,布帽,1,9,2,6,0,1,1,80901,80901,1,0
80902,皮帽,1,9,2,9,0,1,5,80902,80902,1,0
80903,兜帽,1,9,2,12,0,1,10,80903,80903,1,0
80904,羽帽,1,9,2,15,0,1,15,80904,80904,1,0
80905,小红帽,1,9,2,18,0,1,20,80905,80905,1,0
80906,斗士帽,1,9,2,24,0,1,25,80906,80906,1,0
80907,牛仔帽,1,9,2,30,0,1,30,80907,80907,1,0
80908,巫师帽,1,9,2,36,0,1,35,80908,80908,1,0
80909,贵族帽,1,9,2,42,0,1,40,80909,80909,1,0
80910,法师帽,1,9,2,48,0,1,45,80910,80910,1,0
80911,西方冠,1,9,2,60,0,1,50,80911,80911,1,0
80912,海盗帽,1,9,2,72,0,1,55,80912,80912,1,0
80913,假面帽,1,9,2,84,0,1,60,80913,80913,1,0
80914,角牛帽,1,9,2,96,0,1,65,80914,80914,1,0
80915,星月帽,1,9,2,108,0,1,70,80915,80915,1,0
80916,冰封之极,1,9,2,126,0,1,75,80916,80916,1,0
80917,恶狼之嚎,1,9,2,144,0,1,80,80917,80917,1,0
80918,六羊之角,1,9,2,162,0,1,85,80918,80918,1,0
80919,红龙之冠,1,9,2,180,0,1,90,80919,80919,1,0
80920,黑暗之荒,1,9,2,210,0,1,95,80920,80920,1,0
81001,布甲,1,10,3,6,0,1,1,81001,81001,1,0
81002,皮甲,1,10,3,9,0,1,5,81002,81002,1,0
81003,胸甲,1,10,3,12,0,1,10,81003,81003,1,0
81004,银甲,1,10,3,15,0,1,15,81004,81004,1,0
81005,盗贼皮甲,1,10,3,18,0,1,20,81005,81005,1,0
81006,贵族护甲,1,10,3,24,0,1,25,81006,81006,1,0
81007,奥术护甲,1,10,3,30,0,1,30,81007,81007,1,0
81008,混乱护甲,1,10,3,36,0,1,35,81008,81008,1,0
81009,闪亮护甲,1,10,3,42,0,1,40,81009,81009,1,0
81010,白衣护甲,1,10,3,48,0,1,45,81010,81010,1,0
81011,侠盗护甲,1,10,3,60,0,1,50,81011,81011,1,0
81012,将军披风,1,10,3,72,0,1,55,81012,81012,1,0
81013,帝督披风,1,10,3,84,0,1,60,81013,81013,1,0
81014,神武护甲,1,10,3,96,0,1,65,81014,81014,1,0
81015,镇国护甲,1,10,3,108,0,1,70,81015,81015,1,0
81016,圣灵之貔,1,10,3,126,0,1,75,81016,81016,1,0
81017,帝舵之壁,1,10,3,144,0,1,80,81017,81017,1,0
81018,金色之辉,1,10,3,162,0,1,85,81018,81018,1,0
81019,君临之威,1,10,3,180,0,1,90,81019,81019,1,0
81020,镜武之照,1,10,3,210,0,1,95,81020,81020,1,0
81101,轻铠,1,11,3,6,0,1,1,81101,81101,1,0
81102,铜铠,1,11,3,9,0,1,5,81102,81102,1,0
81103,重铠,1,11,3,12,0,1,10,81103,81103,1,0
81104,护铠,1,11,3,15,0,1,15,81104,81104,1,0
81105,强化铠甲,1,11,3,18,0,1,20,81105,81105,1,0
81106,梭子铠甲,1,11,3,24,0,1,25,81106,81106,1,0
81107,半身铠甲,1,11,3,30,0,1,30,81107,81107,1,0
81108,符文铠甲,1,11,3,36,0,1,35,81108,81108,1,0
81109,潜行衣,1,11,3,42,0,1,40,81109,81109,1,0
81110,紧身衣,1,11,3,48,0,1,45,81110,81110,1,0
81111,虎啸铠甲,1,11,3,60,0,1,50,81111,81111,1,0
81112,重型铠甲,1,11,3,72,0,1,55,81112,81112,1,0
81113,武侯铠甲,1,11,3,84,0,1,60,81113,81113,1,0
81114,鱼鳞铠甲,1,11,3,96,0,1,65,81114,81114,1,0
81115,护国铠甲,1,11,3,108,0,1,70,81115,81115,1,0
81116,蔷薇之封,1,11,3,126,0,1,75,81116,81116,1,0
81117,月下之屠,1,11,3,144,0,1,80,81117,81117,1,0
81118,巫狐之囚,1,11,3,162,0,1,85,81118,81118,1,0
81119,武王之鼎,1,11,3,180,0,1,90,81119,81119,1,0
81120,王霸之躯,1,11,3,210,0,1,95,81120,81120,1,0
81201,长靴,1,12,4,6,0,1,1,81201,81201,1,0
81202,绑靴,1,12,4,9,0,1,5,81202,81202,1,0
81203,刺靴,1,12,4,12,0,1,10,81203,81203,1,0
81204,狮靴,1,12,4,15,0,1,15,81204,81204,1,0
81205,火焰长靴,1,12,4,18,0,1,20,81205,81205,1,0
81206,斥候长靴,1,12,4,24,0,1,25,81206,81206,1,0
81207,强击长靴,1,12,4,30,0,1,30,81207,81207,1,0
81208,荆棘长靴,1,12,4,36,0,1,35,81208,81208,1,0
81209,漆金长靴,1,12,4,42,0,1,40,81209,81209,1,0
81210,弯角长靴,1,12,4,48,0,1,45,81210,81210,1,0
81211,校军长靴,1,12,4,60,0,1,50,81211,81211,1,0
81212,旅途长靴,1,12,4,72,0,1,55,81212,81212,1,0
81213,御用长靴,1,12,4,84,0,1,60,81213,81213,1,0
81214,链甲长靴,1,12,4,96,0,1,65,81214,81214,1,0
81215,舞者长靴,1,12,4,108,0,1,70,81215,81215,1,0
81216,秘银之浸,1,12,4,126,0,1,75,81216,81216,1,0
81217,圣殿之座,1,12,4,144,0,1,80,81217,81217,1,0
81218,潮汐之纱,1,12,4,162,0,1,85,81218,81218,1,0
81219,督军之诺,1,12,4,180,0,1,90,81219,81219,1,0
81220,雄鹰之破,1,12,4,210,0,1,95,81220,81220,1,0
81301,短靴,1,13,4,6,0,1,1,81301,81301,1,0
81302,皮靴,1,13,4,9,0,1,5,81302,81302,1,0
81303,角靴,1,13,4,12,0,1,10,81303,81303,1,0
81304,鹿靴,1,13,4,15,0,1,15,81304,81304,1,0
81305,轻便短靴,1,13,4,18,0,1,20,81305,81305,1,0
81306,信徒短靴,1,13,4,24,0,1,25,81306,81306,1,0
81307,坚定短靴,1,13,4,30,0,1,30,81307,81307,1,0
81308,耐力短靴,1,13,4,36,0,1,35,81308,81308,1,0
81309,敏捷短靴,1,13,4,42,0,1,40,81309,81309,1,0
81310,执法短靴,1,13,4,48,0,1,45,81310,81310,1,0
81311,牛皮短靴,1,13,4,60,0,1,50,81311,81311,1,0
81312,西塞短靴,1,13,4,72,0,1,55,81312,81312,1,0
81313,园艺短靴,1,13,4,84,0,1,60,81313,81313,1,0
81314,军用短靴,1,13,4,96,0,1,65,81314,81314,1,0
81315,织法短靴,1,13,4,108,0,1,70,81315,81315,1,0
81316,昂特之简,1,13,4,126,0,1,75,81316,81316,1,0
81317,猫镶之隐,1,13,4,144,0,1,80,81317,81317,1,0
81318,贤者之墨,1,13,4,162,0,1,85,81318,81318,1,0
81319,冰灵之芯,1,13,4,180,0,1,90,81319,81319,1,0
81320,魔力之纹,1,13,4,210,0,1,95,81320,81320,1,0
81401,指环,1,14,5,6,0,1,1,81401,81401,1,0
81402,军戒,1,14,5,9,0,1,5,81402,81402,1,0
81403,扳指,1,14,5,12,0,1,10,81403,81403,1,0
81404,珠戒,1,14,5,15,0,1,15,81404,81404,1,0
81405,红宝石,1,14,5,18,0,1,20,81405,81405,1,0
81406,傀儡戒指,1,14,5,24,0,1,25,81406,81406,1,0
81407,雀戒,1,14,5,30,0,1,30,81407,81407,1,0
81408,蝴蝶戒指,1,14,5,36,0,1,35,81408,81408,1,0
81409,祖母戒指,1,14,5,42,0,1,40,81409,81409,1,0
81410,幼龙之戒,1,14,5,48,0,1,45,81410,81410,1,0
81411,亡灵戒指,1,14,5,60,0,1,50,81411,81411,1,0
81412,法力戒指,1,14,5,72,0,1,55,81412,81412,1,0
81413,无限戒指,1,14,5,84,0,1,60,81413,81413,1,0
81414,智慧戒指,1,14,5,96,0,1,65,81414,81414,1,0
81415,祈祷戒指,1,14,5,108,0,1,70,81415,81415,1,0
81416,封印之界,1,14,5,126,0,1,75,81416,81416,1,0
81417,蛇眼之魂,1,14,5,144,0,1,80,81417,81417,1,0
81418,咒术之心,1,14,5,162,0,1,85,81418,81418,1,0
81419,先知之眼,1,14,5,180,0,1,90,81419,81419,1,0
81420,御魔之炼,1,14,5,210,0,1,95,81420,81420,1,0
81501,红心项链,1,15,5,6,0,1,1,81501,81501,1,0
81502,叮咚项链,1,15,5,9,0,1,5,81502,81502,1,0
81503,玲珑项链,1,15,5,12,0,1,10,81503,81503,1,0
81504,朱玉项链,1,15,5,15,0,1,15,81504,81504,1,0
81505,恶龙项链,1,15,5,18,0,1,20,81505,81505,1,0
81506,英雄项链,1,15,5,24,0,1,25,81506,81506,1,0
81507,附魔项链,1,15,5,30,0,1,30,81507,81507,1,0
81508,晶石项链,1,15,5,36,0,1,35,81508,81508,1,0
81509,月华项链,1,15,5,42,0,1,40,81509,81509,1,0
81510,日耀项链,1,15,5,48,0,1,45,81510,81510,1,0
81511,透明项链,1,15,5,60,0,1,50,81511,81511,1,0
81512,通灵项链,1,15,5,72,0,1,55,81512,81512,1,0
81513,飞舞项链,1,15,5,84,0,1,60,81513,81513,1,0
81514,亡灵项链,1,15,5,96,0,1,65,81514,81514,1,0
81515,祈祷项链,1,15,5,108,0,1,70,81515,81515,1,0
81516,百花之葬,1,15,5,126,0,1,75,81516,81516,1,0
81517,逆鳞之怒,1,15,5,144,0,1,80,81517,81517,1,0
81518,时空之隐,1,15,5,162,0,1,85,81518,81518,1,0
81519,神灵之沐,1,15,5,180,0,1,90,81519,81519,1,0
81520,浩瀚之灵,1,15,5,210,0,1,95,81520,81520,1,0
81601,魔法书,1,16,6,18,0,1,1,81601,81601,1,0
81602,鎏金盾,1,16,6,27,0,1,5,81602,81602,1,0
81603,迟钝刀,1,16,6,36,0,1,10,81603,81603,1,0
81604,猿人盾,1,16,6,45,0,1,15,81604,81604,1,0
81605,诅咒眼球,1,16,6,54,0,1,20,81605,81605,1,0
81606,轻便齿轮,1,16,6,72,0,1,25,81606,81606,1,0
81607,冰封刃,1,16,6,90,0,1,30,81607,81607,1,0
81608,骑士佩刀,1,16,6,108,0,1,35,81608,81608,1,0
81609,巫制木琴,1,16,6,126,0,1,40,81609,81609,1,0
81610,银制月琴,1,16,6,144,0,1,45,81610,81610,1,0
81611,神圣元素,1,16,6,180,0,1,50,81611,81611,1,0
81612,镀银匕首,1,16,6,216,0,1,55,81612,81612,1,0
81613,恶魔药水,1,16,6,252,0,1,60,81613,81613,1,0
81614,精灵铃铛,1,16,6,288,0,1,65,81614,81614,1,0
81615,黄金日轮,1,16,6,324,0,1,70,81615,81615,1,0
81616,玫瑰之约,1,16,6,378,0,1,75,81616,81616,1,0
81617,天空之盾,1,16,6,432,0,1,80,81617,81617,1,0
81618,炼狱之轮,1,16,6,486,0,1,85,81618,81618,1,0
81619,摄魂之扇,1,16,6,540,0,1,90,81619,81619,1,0
81620,预言之证,1,16,6,630,0,1,95,81620,81620,1,0
81701,学徒时装,1,17,7,27,0,1,1,81701,81701,1,0
81702,护卫时装,1,17,7,40,0,1,5,81702,81702,1,0
81703,格斗时装,1,17,7,54,0,1,10,81703,81703,1,0
81704,隐身时装,1,17,7,67,0,1,15,81704,81704,1,0
81705,修炼时装,1,17,7,81,0,1,20,81705,81705,1,0
81706,守护时装,1,17,7,108,0,1,25,81706,81706,1,0
81707,武斗时装,1,17,7,135,0,1,30,81707,81707,1,0
81708,统领时装,1,17,7,162,0,1,35,81708,81708,1,0
81709,术士时装,1,17,7,189,0,1,40,81709,81709,1,0
81710,将军时装,1,17,7,216,0,1,45,81710,81710,1,0
81711,领主时装,1,17,7,270,0,1,50,81711,81711,1,0
81712,魔王时装,1,17,7,324,0,1,55,81712,81712,1,0
81713,未来时装,1,17,7,378,0,1,60,81713,81713,1,0
81714,风神时装,1,17,7,432,0,1,65,81714,81714,1,0
81715,战神时装,1,17,7,486,0,1,70,81715,81715,1,0
81716,恶魔之铸,1,17,7,567,0,1,75,81716,81716,1,0
81717,君临之霸,1,17,7,648,0,1,80,81717,81717,1,0
81718,天空之翼,1,17,7,729,0,1,85,81718,81718,1,0
81719,神殿之舞,1,17,7,810,0,1,90,81719,81719,1,0
81720,蝶梦之仙,1,17,7,945,0,1,95,81720,81720,1,0
801010,短剑制作图纸,2,91,0,0,0,0,1,80101a,80101a,0,0
801020,长剑制作图纸,2,91,0,0,0,0,1,80102a,80102a,0,0
801030,重剑制作图纸,2,91,0,0,0,0,1,80103a,80103a,0,0
801040,刺剑制作图纸,2,91,0,0,0,0,1,80104a,80104a,0,0
801050,狼牙剑制作图纸,2,91,0,0,0,0,1,80105a,80105a,0,0
801060,螺旋剑制作图纸,2,91,0,0,0,0,1,80106a,80106a,0,0
801070,水银剑制作图纸,2,91,0,0,0,0,1,80107a,80107a,0,0
801080,辉光剑制作图纸,2,91,0,0,0,0,1,80108a,80108a,0,0
801090,赤铜剑制作图纸,2,91,0,0,0,0,1,80109a,80109a,0,0
801100,贵族剑制作图纸,2,91,0,0,0,0,1,80110a,80110a,0,0
801110,阿波剑制作图纸,2,91,0,0,0,0,1,80111a,80111a,0,0
801120,坎亚剑制作图纸,2,91,0,0,0,0,1,80112a,80112a,0,0
801130,混用剑制作图纸,2,91,0,0,0,0,1,80113a,80113a,0,0
801140,黑山剑制作图纸,2,91,0,0,0,0,1,80114a,80114a,0,0
801150,黄晶剑制作图纸,2,91,0,0,0,0,1,80115a,80115a,0,0
801160,暗夜之轮制作图纸,2,91,0,0,0,0,1,80116a,80116a,0,0
801170,雷鸣之光制作图纸,2,91,0,0,0,0,1,80117a,80117a,0,0
801180,帝国之擎制作图纸,2,91,0,0,0,0,1,80118a,80118a,0,0
801190,绿海之怒制作图纸,2,91,0,0,0,0,1,80119a,80119a,0,0
801200,明月之殇制作图纸,2,91,0,0,0,0,1,80120a,80120a,0,0
802010,小刀制作图纸,2,91,0,0,0,0,1,80201a,80201a,0,0
802020,快刀制作图纸,2,91,0,0,0,0,1,80202a,80202a,0,0
802030,军刀制作图纸,2,91,0,0,0,0,1,80203a,80203a,0,0
802040,砍刀制作图纸,2,91,0,0,0,0,1,80204a,80204a,0,0
802050,黑刃刀制作图纸,2,91,0,0,0,0,1,80205a,80205a,0,0
802060,紫光刀制作图纸,2,91,0,0,0,0,1,80206a,80206a,0,0
802070,刺魂刀制作图纸,2,91,0,0,0,0,1,80207a,80207a,0,0
802080,芒纹刀制作图纸,2,91,0,0,0,0,1,80208a,80208a,0,0
802090,晶魂刀制作图纸,2,91,0,0,0,0,1,80209a,80209a,0,0
802100,阔板刀制作图纸,2,91,0,0,0,0,1,80210a,80210a,0,0
802110,修格刀制作图纸,2,91,0,0,0,0,1,80211a,80211a,0,0
802120,萨克刀制作图纸,2,91,0,0,0,0,1,80212a,80212a,0,0
802130,伽马刀制作图纸,2,91,0,0,0,0,1,80213a,80213a,0,0
802140,断刃刀制作图纸,2,91,0,0,0,0,1,80214a,80214a,0,0
802150,冰风刀制作图纸,2,91,0,0,0,0,1,80215a,80215a,0,0
802160,火龙之须制作图纸,2,91,0,0,0,0,1,80216a,80216a,0,0
802170,地狱之门制作图纸,2,91,0,0,0,0,1,80217a,80217a,0,0
802180,幸福之虹制作图纸,2,91,0,0,0,0,1,80218a,80218a,0,0
802190,魔龙之斩制作图纸,2,91,0,0,0,0,1,80219a,80219a,0,0
802200,撒旦之果制作图纸,2,91,0,0,0,0,1,80220a,80220a,0,0
803010,木棍制作图纸,2,91,0,0,0,0,1,80301a,80301a,0,0
803020,轻枪制作图纸,2,91,0,0,0,0,1,80302a,80302a,0,0
803030,重枪制作图纸,2,91,0,0,0,0,1,80303a,80303a,0,0
803040,伞枪制作图纸,2,91,0,0,0,0,1,80304a,80304a,0,0
803050,链棍制作图纸,2,91,0,0,0,0,1,80305a,80305a,0,0
803060,标枪制作图纸,2,91,0,0,0,0,1,80306a,80306a,0,0
803070,竹叉戟制作图纸,2,91,0,0,0,0,1,80307a,80307a,0,0
803080,椰木枪制作图纸,2,91,0,0,0,0,1,80308a,80308a,0,0
803090,火矛枪制作图纸,2,91,0,0,0,0,1,80309a,80309a,0,0
803100,蛇魂枪制作图纸,2,91,0,0,0,0,1,80310a,80310a,0,0
803110,透骨枪制作图纸,2,91,0,0,0,0,1,80311a,80311a,0,0
803120,塞特枪制作图纸,2,91,0,0,0,0,1,80312a,80312a,0,0
803130,武神枪制作图纸,2,91,0,0,0,0,1,80313a,80313a,0,0
803140,雷亟枪制作图纸,2,91,0,0,0,0,1,80314a,80314a,0,0
803150,巫女枪制作图纸,2,91,0,0,0,0,1,80315a,80315a,0,0
803160,皇城之护制作图纸,2,91,0,0,0,0,1,80316a,80316a,0,0
803170,领袖之愤制作图纸,2,91,0,0,0,0,1,80317a,80317a,0,0
803180,王权之征制作图纸,2,91,0,0,0,0,1,80318a,80318a,0,0
803190,雷霆之厉制作图纸,2,91,0,0,0,0,1,80319a,80319a,0,0
803200,天空之禁制作图纸,2,91,0,0,0,0,1,80320a,80320a,0,0
804010,木杖制作图纸,2,91,0,0,0,0,1,80401a,80401a,0,0
804020,扫帚制作图纸,2,91,0,0,0,0,1,80402a,80402a,0,0
804030,羊杖制作图纸,2,91,0,0,0,0,1,80403a,80403a,0,0
804040,手杖制作图纸,2,91,0,0,0,0,1,80404a,80404a,0,0
804050,变形杖制作图纸,2,91,0,0,0,0,1,80405a,80405a,0,0
804060,战斗杖制作图纸,2,91,0,0,0,0,1,80406a,80406a,0,0
804070,玫瑰法杖制作图纸,2,91,0,0,0,0,1,80407a,80407a,0,0
804080,冰雷法杖制作图纸,2,91,0,0,0,0,1,80408a,80408a,0,0
804090,漩涡法杖制作图纸,2,91,0,0,0,0,1,80409a,80409a,0,0
804100,血月法杖制作图纸,2,91,0,0,0,0,1,80410a,80410a,0,0
804110,疗愈法杖制作图纸,2,91,0,0,0,0,1,80411a,80411a,0,0
804120,羽翼法杖制作图纸,2,91,0,0,0,0,1,80412a,80412a,0,0
804130,勾魂法杖制作图纸,2,91,0,0,0,0,1,80413a,80413a,0,0
804140,神殿权杖制作图纸,2,91,0,0,0,0,1,80414a,80414a,0,0
804150,火鸟法杖制作图纸,2,91,0,0,0,0,1,80415a,80415a,0,0
804160,烈焰之风制作图纸,2,91,0,0,0,0,1,80416a,80416a,0,0
804170,无声之恸制作图纸,2,91,0,0,0,0,1,80417a,80417a,0,0
804180,神秘之蕴制作图纸,2,91,0,0,0,0,1,80418a,80418a,0,0
804190,深渊之障制作图纸,2,91,0,0,0,0,1,80419a,80419a,0,0
804200,魔王之恨制作图纸,2,91,0,0,0,0,1,80420a,80420a,0,0
805010,木弓制作图纸,2,91,0,0,0,0,1,80501a,80501a,0,0
805020,短弓制作图纸,2,91,0,0,0,0,1,80502a,80502a,0,0
805030,长弓制作图纸,2,91,0,0,0,0,1,80503a,80503a,0,0
805040,风弓制作图纸,2,91,0,0,0,0,1,80504a,80504a,0,0
805050,强疾弓制作图纸,2,91,0,0,0,0,1,80505a,80505a,0,0
805060,羽合弓制作图纸,2,91,0,0,0,0,1,80506a,80506a,0,0
805070,枫染弓制作图纸,2,91,0,0,0,0,1,80507a,80507a,0,0
805080,龙骨弓制作图纸,2,91,0,0,0,0,1,80508a,80508a,0,0
805090,碧水弓制作图纸,2,91,0,0,0,0,1,80509a,80509a,0,0
805100,蝉翼弓制作图纸,2,91,0,0,0,0,1,80510a,80510a,0,0
805110,冰雪弓制作图纸,2,91,0,0,0,0,1,80511a,80511a,0,0
805120,击云弓制作图纸,2,91,0,0,0,0,1,80512a,80512a,0,0
805130,落月弓制作图纸,2,91,0,0,0,0,1,80513a,80513a,0,0
805140,鹰眼弓制作图纸,2,91,0,0,0,0,1,80514a,80514a,0,0
805150,反封弓制作图纸,2,91,0,0,0,0,1,80515a,80515a,0,0
805160,星流之隐制作图纸,2,91,0,0,0,0,1,80516a,80516a,0,0
805170,精灵之弧制作图纸,2,91,0,0,0,0,1,80517a,80517a,0,0
805180,堑金之坠制作图纸,2,91,0,0,0,0,1,80518a,80518a,0,0
805190,仙子之璇制作图纸,2,91,0,0,0,0,1,80519a,80519a,0,0
805200,涅槃之沉制作图纸,2,91,0,0,0,0,1,80520a,80520a,0,0
806010,袖珍手枪制作图纸,2,91,0,0,0,0,1,80601a,80601a,0,0
806020,手枪制作图纸,2,91,0,0,0,0,1,80602a,80602a,0,0
806030,皮套手枪制作图纸,2,91,0,0,0,0,1,80603a,80603a,0,0
806040,火绳枪制作图纸,2,91,0,0,0,0,1,80604a,80604a,0,0
806050,自动手枪制作图纸,2,91,0,0,0,0,1,80605a,80605a,0,0
806060,鹰形手枪制作图纸,2,91,0,0,0,0,1,80606a,80606a,0,0
806070,精致手枪制作图纸,2,91,0,0,0,0,1,80607a,80607a,0,0
806080,步枪制作图纸,2,91,0,0,0,0,1,80608a,80608a,0,0
806090,燧发枪制作图纸,2,91,0,0,0,0,1,80609a,80609a,0,0
806100,西部手枪制作图纸,2,91,0,0,0,0,1,80610a,80610a,0,0
806110,骨翼手枪制作图纸,2,91,0,0,0,0,1,80611a,80611a,0,0
806120,突击枪制作图纸,2,91,0,0,0,0,1,80612a,80612a,0,0
806130,连发枪制作图纸,2,91,0,0,0,0,1,80613a,80613a,0,0
806140,重型手枪制作图纸,2,91,0,0,0,0,1,80614a,80614a,0,0
806150,座炮制作图纸,2,91,0,0,0,0,1,80615a,80615a,0,0
806160,三段之突制作图纸,2,91,0,0,0,0,1,80616a,80616a,0,0
806170,破碎之冰制作图纸,2,91,0,0,0,0,1,80617a,80617a,0,0
806180,海盗之勋制作图纸,2,91,0,0,0,0,1,80618a,80618a,0,0
806190,战斧之巡制作图纸,2,91,0,0,0,0,1,80619a,80619a,0,0
806200,荣耀之迹制作图纸,2,91,0,0,0,0,1,80620a,80620a,0,0
807010,短斧制作图纸,2,91,0,0,0,0,1,80701a,80701a,0,0
807020,长斧制作图纸,2,91,0,0,0,0,1,80702a,80702a,0,0
807030,大斧制作图纸,2,91,0,0,0,0,1,80703a,80703a,0,0
807040,板斧制作图纸,2,91,0,0,0,0,1,80704a,80704a,0,0
807050,重型斧制作图纸,2,91,0,0,0,0,1,80705a,80705a,0,0
807060,长柄斧制作图纸,2,91,0,0,0,0,1,80706a,80706a,0,0
807070,破刃斧制作图纸,2,91,0,0,0,0,1,80707a,80707a,0,0
807080,猎斧制作图纸,2,91,0,0,0,0,1,80708a,80708a,0,0
807090,碎骨斧制作图纸,2,91,0,0,0,0,1,80709a,80709a,0,0
807100,熔岩斧制作图纸,2,91,0,0,0,0,1,80710a,80710a,0,0
807110,血魂斧制作图纸,2,91,0,0,0,0,1,80711a,80711a,0,0
807120,镰刃斧制作图纸,2,91,0,0,0,0,1,80712a,80712a,0,0
807130,骨刃斧制作图纸,2,91,0,0,0,0,1,80713a,80713a,0,0
807140,暴风斧制作图纸,2,91,0,0,0,0,1,80714a,80714a,0,0
807150,獠牙斧制作图纸,2,91,0,0,0,0,1,80715a,80715a,0,0
807160,斩骨之晶制作图纸,2,91,0,0,0,0,1,80716a,80716a,0,0
807170,寸血之染制作图纸,2,91,0,0,0,0,1,80717a,80717a,0,0
807180,魔鬼之镰制作图纸,2,91,0,0,0,0,1,80718a,80718a,0,0
807190,时空之异制作图纸,2,91,0,0,0,0,1,80719a,80719a,0,0
807200,混沌之母制作图纸,2,91,0,0,0,0,1,80720a,80720a,0,0
808010,尖盔制作图纸,2,91,0,0,0,0,1,80801a,80801a,0,0
808020,巨盔制作图纸,2,91,0,0,0,0,1,80802a,80802a,0,0
808030,战盔制作图纸,2,91,0,0,0,0,1,80803a,80803a,0,0
808040,龙盔制作图纸,2,91,0,0,0,0,1,80804a,80804a,0,0
808050,高卢盔制作图纸,2,91,0,0,0,0,1,80805a,80805a,0,0
808060,四方盔制作图纸,2,91,0,0,0,0,1,80806a,80806a,0,0
808070,决斗头盔制作图纸,2,91,0,0,0,0,1,80807a,80807a,0,0
808080,污血头盔制作图纸,2,91,0,0,0,0,1,80808a,80808a,0,0
808090,勇士头盔制作图纸,2,91,0,0,0,0,1,80809a,80809a,0,0
808100,忍者头盔制作图纸,2,91,0,0,0,0,1,80810a,80810a,0,0
808110,地魔头盔制作图纸,2,91,0,0,0,0,1,80811a,80811a,0,0
808120,骸骨头盔制作图纸,2,91,0,0,0,0,1,80812a,80812a,0,0
808130,武士头盔制作图纸,2,91,0,0,0,0,1,80813a,80813a,0,0
808140,王者头盔制作图纸,2,91,0,0,0,0,1,80814a,80814a,0,0
808150,幻影头盔制作图纸,2,91,0,0,0,0,1,80815a,80815a,0,0
808160,圣光之耀制作图纸,2,91,0,0,0,0,1,80816a,80816a,0,0
808170,比洛之盖制作图纸,2,91,0,0,0,0,1,80817a,80817a,0,0
808180,不死之护制作图纸,2,91,0,0,0,0,1,80818a,80818a,0,0
808190,英雄之造制作图纸,2,91,0,0,0,0,1,80819a,80819a,0,0
808200,黑暗之名制作图纸,2,91,0,0,0,0,1,80820a,80820a,0,0
809010,布帽制作图纸,2,91,0,0,0,0,1,80901a,80901a,0,0
809020,皮帽制作图纸,2,91,0,0,0,0,1,80902a,80902a,0,0
809030,兜帽制作图纸,2,91,0,0,0,0,1,80903a,80903a,0,0
809040,羽帽制作图纸,2,91,0,0,0,0,1,80904a,80904a,0,0
809050,小红帽制作图纸,2,91,0,0,0,0,1,80905a,80905a,0,0
809060,斗士帽制作图纸,2,91,0,0,0,0,1,80906a,80906a,0,0
809070,牛仔帽制作图纸,2,91,0,0,0,0,1,80907a,80907a,0,0
809080,巫师帽制作图纸,2,91,0,0,0,0,1,80908a,80908a,0,0
809090,贵族帽制作图纸,2,91,0,0,0,0,1,80909a,80909a,0,0
809100,法师帽制作图纸,2,91,0,0,0,0,1,80910a,80910a,0,0
809110,西方冠制作图纸,2,91,0,0,0,0,1,80911a,80911a,0,0
809120,海盗帽制作图纸,2,91,0,0,0,0,1,80912a,80912a,0,0
809130,假面帽制作图纸,2,91,0,0,0,0,1,80913a,80913a,0,0
809140,角牛帽制作图纸,2,91,0,0,0,0,1,80914a,80914a,0,0
809150,星月帽制作图纸,2,91,0,0,0,0,1,80915a,80915a,0,0
809160,冰封之极制作图纸,2,91,0,0,0,0,1,80916a,80916a,0,0
809170,恶狼之嚎制作图纸,2,91,0,0,0,0,1,80917a,80917a,0,0
809180,六羊之角制作图纸,2,91,0,0,0,0,1,80918a,80918a,0,0
809190,红龙之冠制作图纸,2,91,0,0,0,0,1,80919a,80919a,0,0
809200,黑暗之荒制作图纸,2,91,0,0,0,0,1,80920a,80920a,0,0
810010,布甲制作图纸,2,91,0,0,0,0,1,81001a,81001a,0,0
810020,皮甲制作图纸,2,91,0,0,0,0,1,81002a,81002a,0,0
810030,胸甲制作图纸,2,91,0,0,0,0,1,81003a,81003a,0,0
810040,银甲制作图纸,2,91,0,0,0,0,1,81004a,81004a,0,0
810050,盗贼皮甲制作图纸,2,91,0,0,0,0,1,81005a,81005a,0,0
810060,贵族护甲制作图纸,2,91,0,0,0,0,1,81006a,81006a,0,0
810070,奥术护甲制作图纸,2,91,0,0,0,0,1,81007a,81007a,0,0
810080,混乱护甲制作图纸,2,91,0,0,0,0,1,81008a,81008a,0,0
810090,闪亮护甲制作图纸,2,91,0,0,0,0,1,81009a,81009a,0,0
810100,白衣护甲制作图纸,2,91,0,0,0,0,1,81010a,81010a,0,0
810110,侠盗护甲制作图纸,2,91,0,0,0,0,1,81011a,81011a,0,0
810120,将军披风制作图纸,2,91,0,0,0,0,1,81012a,81012a,0,0
810130,帝督披风制作图纸,2,91,0,0,0,0,1,81013a,81013a,0,0
810140,神武护甲制作图纸,2,91,0,0,0,0,1,81014a,81014a,0,0
810150,镇国护甲制作图纸,2,91,0,0,0,0,1,81015a,81015a,0,0
810160,圣灵之貔制作图纸,2,91,0,0,0,0,1,81016a,81016a,0,0
810170,帝舵之壁制作图纸,2,91,0,0,0,0,1,81017a,81017a,0,0
810180,金色之辉制作图纸,2,91,0,0,0,0,1,81018a,81018a,0,0
810190,君临之威制作图纸,2,91,0,0,0,0,1,81019a,81019a,0,0
810200,镜武之照制作图纸,2,91,0,0,0,0,1,81020a,81020a,0,0
811010,轻铠制作图纸,2,91,0,0,0,0,1,81101a,81101a,0,0
811020,铜铠制作图纸,2,91,0,0,0,0,1,81102a,81102a,0,0
811030,重铠制作图纸,2,91,0,0,0,0,1,81103a,81103a,0,0
811040,护铠制作图纸,2,91,0,0,0,0,1,81104a,81104a,0,0
811050,强化铠甲制作图纸,2,91,0,0,0,0,1,81105a,81105a,0,0
811060,梭子铠甲制作图纸,2,91,0,0,0,0,1,81106a,81106a,0,0
811070,半身铠甲制作图纸,2,91,0,0,0,0,1,81107a,81107a,0,0
811080,符文铠甲制作图纸,2,91,0,0,0,0,1,81108a,81108a,0,0
811090,潜行衣制作图纸,2,91,0,0,0,0,1,81109a,81109a,0,0
811100,紧身衣制作图纸,2,91,0,0,0,0,1,81110a,81110a,0,0
811110,虎啸铠甲制作图纸,2,91,0,0,0,0,1,81111a,81111a,0,0
811120,重型铠甲制作图纸,2,91,0,0,0,0,1,81112a,81112a,0,0
811130,武侯铠甲制作图纸,2,91,0,0,0,0,1,81113a,81113a,0,0
811140,鱼鳞铠甲制作图纸,2,91,0,0,0,0,1,81114a,81114a,0,0
811150,护国铠甲制作图纸,2,91,0,0,0,0,1,81115a,81115a,0,0
811160,蔷薇之封制作图纸,2,91,0,0,0,0,1,81116a,81116a,0,0
811170,月下之屠制作图纸,2,91,0,0,0,0,1,81117a,81117a,0,0
811180,巫狐之囚制作图纸,2,91,0,0,0,0,1,81118a,81118a,0,0
811190,武王之鼎制作图纸,2,91,0,0,0,0,1,81119a,81119a,0,0
811200,王霸之躯制作图纸,2,91,0,0,0,0,1,81120a,81120a,0,0
812010,长靴制作图纸,2,91,0,0,0,0,1,81201a,81201a,0,0
812020,绑靴制作图纸,2,91,0,0,0,0,1,81202a,81202a,0,0
812030,刺靴制作图纸,2,91,0,0,0,0,1,81203a,81203a,0,0
812040,狮靴制作图纸,2,91,0,0,0,0,1,81204a,81204a,0,0
812050,火焰长靴制作图纸,2,91,0,0,0,0,1,81205a,81205a,0,0
812060,斥候长靴制作图纸,2,91,0,0,0,0,1,81206a,81206a,0,0
812070,强击长靴制作图纸,2,91,0,0,0,0,1,81207a,81207a,0,0
812080,荆棘长靴制作图纸,2,91,0,0,0,0,1,81208a,81208a,0,0
812090,漆金长靴制作图纸,2,91,0,0,0,0,1,81209a,81209a,0,0
812100,弯角长靴制作图纸,2,91,0,0,0,0,1,81210a,81210a,0,0
812110,校军长靴制作图纸,2,91,0,0,0,0,1,81211a,81211a,0,0
812120,旅途长靴制作图纸,2,91,0,0,0,0,1,81212a,81212a,0,0
812130,御用长靴制作图纸,2,91,0,0,0,0,1,81213a,81213a,0,0
812140,链甲长靴制作图纸,2,91,0,0,0,0,1,81214a,81214a,0,0
812150,舞者长靴制作图纸,2,91,0,0,0,0,1,81215a,81215a,0,0
812160,秘银之浸制作图纸,2,91,0,0,0,0,1,81216a,81216a,0,0
812170,圣殿之座制作图纸,2,91,0,0,0,0,1,81217a,81217a,0,0
812180,潮汐之纱制作图纸,2,91,0,0,0,0,1,81218a,81218a,0,0
812190,督军之诺制作图纸,2,91,0,0,0,0,1,81219a,81219a,0,0
812200,雄鹰之破制作图纸,2,91,0,0,0,0,1,81220a,81220a,0,0
813010,短靴制作图纸,2,91,0,0,0,0,1,81301a,81301a,0,0
813020,皮靴制作图纸,2,91,0,0,0,0,1,81302a,81302a,0,0
813030,角靴制作图纸,2,91,0,0,0,0,1,81303a,81303a,0,0
813040,鹿靴制作图纸,2,91,0,0,0,0,1,81304a,81304a,0,0
813050,轻便短靴制作图纸,2,91,0,0,0,0,1,81305a,81305a,0,0
813060,信徒短靴制作图纸,2,91,0,0,0,0,1,81306a,81306a,0,0
813070,坚定短靴制作图纸,2,91,0,0,0,0,1,81307a,81307a,0,0
813080,耐力短靴制作图纸,2,91,0,0,0,0,1,81308a,81308a,0,0
813090,敏捷短靴制作图纸,2,91,0,0,0,0,1,81309a,81309a,0,0
813100,执法短靴制作图纸,2,91,0,0,0,0,1,81310a,81310a,0,0
813110,牛皮短靴制作图纸,2,91,0,0,0,0,1,81311a,81311a,0,0
813120,西塞短靴制作图纸,2,91,0,0,0,0,1,81312a,81312a,0,0
813130,园艺短靴制作图纸,2,91,0,0,0,0,1,81313a,81313a,0,0
813140,军用短靴制作图纸,2,91,0,0,0,0,1,81314a,81314a,0,0
813150,织法短靴制作图纸,2,91,0,0,0,0,1,81315a,81315a,0,0
813160,昂特之简制作图纸,2,91,0,0,0,0,1,81316a,81316a,0,0
813170,猫镶之隐制作图纸,2,91,0,0,0,0,1,81317a,81317a,0,0
813180,贤者之墨制作图纸,2,91,0,0,0,0,1,81318a,81318a,0,0
813190,冰灵之芯制作图纸,2,91,0,0,0,0,1,81319a,81319a,0,0
813200,魔力之纹制作图纸,2,91,0,0,0,0,1,81320a,81320a,0,0
814010,指环制作图纸,2,91,0,0,0,0,1,81401a,81401a,0,0
814020,军戒制作图纸,2,91,0,0,0,0,1,81402a,81402a,0,0
814030,扳指制作图纸,2,91,0,0,0,0,1,81403a,81403a,0,0
814040,珠戒制作图纸,2,91,0,0,0,0,1,81404a,81404a,0,0
814050,红宝石制作图纸,2,91,0,0,0,0,1,81405a,81405a,0,0
814060,傀儡戒指制作图纸,2,91,0,0,0,0,1,81406a,81406a,0,0
814070,雀戒制作图纸,2,91,0,0,0,0,1,81407a,81407a,0,0
814080,蝴蝶戒指制作图纸,2,91,0,0,0,0,1,81408a,81408a,0,0
814090,祖母戒指制作图纸,2,91,0,0,0,0,1,81409a,81409a,0,0
814100,幼龙之戒制作图纸,2,91,0,0,0,0,1,81410a,81410a,0,0
814110,亡灵戒指制作图纸,2,91,0,0,0,0,1,81411a,81411a,0,0
814120,法力戒指制作图纸,2,91,0,0,0,0,1,81412a,81412a,0,0
814130,无限戒指制作图纸,2,91,0,0,0,0,1,81413a,81413a,0,0
814140,智慧戒指制作图纸,2,91,0,0,0,0,1,81414a,81414a,0,0
814150,祈祷戒指制作图纸,2,91,0,0,0,0,1,81415a,81415a,0,0
814160,封印之界制作图纸,2,91,0,0,0,0,1,81416a,81416a,0,0
814170,蛇眼之魂制作图纸,2,91,0,0,0,0,1,81417a,81417a,0,0
814180,咒术之心制作图纸,2,91,0,0,0,0,1,81418a,81418a,0,0
814190,先知之眼制作图纸,2,91,0,0,0,0,1,81419a,81419a,0,0
814200,御魔之炼制作图纸,2,91,0,0,0,0,1,81420a,81420a,0,0
815010,红心项链制作图纸,2,91,0,0,0,0,1,81501a,81501a,0,0
815020,叮咚项链制作图纸,2,91,0,0,0,0,1,81502a,81502a,0,0
815030,玲珑项链制作图纸,2,91,0,0,0,0,1,81503a,81503a,0,0
815040,朱玉项链制作图纸,2,91,0,0,0,0,1,81504a,81504a,0,0
815050,恶龙项链制作图纸,2,91,0,0,0,0,1,81505a,81505a,0,0
815060,英雄项链制作图纸,2,91,0,0,0,0,1,81506a,81506a,0,0
815070,附魔项链制作图纸,2,91,0,0,0,0,1,81507a,81507a,0,0
815080,晶石项链制作图纸,2,91,0,0,0,0,1,81508a,81508a,0,0
815090,月华项链制作图纸,2,91,0,0,0,0,1,81509a,81509a,0,0
815100,日耀项链制作图纸,2,91,0,0,0,0,1,81510a,81510a,0,0
815110,透明项链制作图纸,2,91,0,0,0,0,1,81511a,81511a,0,0
815120,通灵项链制作图纸,2,91,0,0,0,0,1,81512a,81512a,0,0
815130,飞舞项链制作图纸,2,91,0,0,0,0,1,81513a,81513a,0,0
815140,亡灵项链制作图纸,2,91,0,0,0,0,1,81514a,81514a,0,0
815150,祈祷项链制作图纸,2,91,0,0,0,0,1,81515a,81515a,0,0
815160,百花之葬制作图纸,2,91,0,0,0,0,1,81516a,81516a,0,0
815170,逆鳞之怒制作图纸,2,91,0,0,0,0,1,81517a,81517a,0,0
815180,时空之隐制作图纸,2,91,0,0,0,0,1,81518a,81518a,0,0
815190,神灵之沐制作图纸,2,91,0,0,0,0,1,81519a,81519a,0,0
815200,浩瀚之灵制作图纸,2,91,0,0,0,0,1,81520a,81520a,0,0
816010,魔法书制作图纸,2,91,0,0,0,0,1,81601a,81601a,0,0
816020,鎏金盾制作图纸,2,91,0,0,0,0,1,81602a,81602a,0,0
816030,迟钝刀制作图纸,2,91,0,0,0,0,1,81603a,81603a,0,0
816040,猿人盾制作图纸,2,91,0,0,0,0,1,81604a,81604a,0,0
816050,诅咒眼球制作图纸,2,91,0,0,0,0,1,81605a,81605a,0,0
816060,轻便齿轮制作图纸,2,91,0,0,0,0,1,81606a,81606a,0,0
816070,冰封刃制作图纸,2,91,0,0,0,0,1,81607a,81607a,0,0
816080,骑士佩刀制作图纸,2,91,0,0,0,0,1,81608a,81608a,0,0
816090,巫制木琴制作图纸,2,91,0,0,0,0,1,81609a,81609a,0,0
816100,银制月琴制作图纸,2,91,0,0,0,0,1,81610a,81610a,0,0
816110,神圣元素制作图纸,2,91,0,0,0,0,1,81611a,81611a,0,0
816120,镀银匕首制作图纸,2,91,0,0,0,0,1,81612a,81612a,0,0
816130,恶魔药水制作图纸,2,91,0,0,0,0,1,81613a,81613a,0,0
816140,精灵铃铛制作图纸,2,91,0,0,0,0,1,81614a,81614a,0,0
816150,黄金日轮制作图纸,2,91,0,0,0,0,1,81615a,81615a,0,0
816160,玫瑰之约制作图纸,2,91,0,0,0,0,1,81616a,81616a,0,0
816170,天空之盾制作图纸,2,91,0,0,0,0,1,81617a,81617a,0,0
816180,炼狱之轮制作图纸,2,91,0,0,0,0,1,81618a,81618a,0,0
816190,摄魂之扇制作图纸,2,91,0,0,0,0,1,81619a,81619a,0,0
816200,预言之证制作图纸,2,91,0,0,0,0,1,81620a,81620a,0,0
817010,学徒时装制作图纸,2,91,0,0,0,0,1,81701a,81701a,0,0
817020,护卫时装制作图纸,2,91,0,0,0,0,1,81702a,81702a,0,0
817030,格斗时装制作图纸,2,91,0,0,0,0,1,81703a,81703a,0,0
817040,隐身时装制作图纸,2,91,0,0,0,0,1,81704a,81704a,0,0
817050,修炼时装制作图纸,2,91,0,0,0,0,1,81705a,81705a,0,0
817060,守护时装制作图纸,2,91,0,0,0,0,1,81706a,81706a,0,0
817070,武斗时装制作图纸,2,91,0,0,0,0,1,81707a,81707a,0,0
817080,统领时装制作图纸,2,91,0,0,0,0,1,81708a,81708a,0,0
817090,术士时装制作图纸,2,91,0,0,0,0,1,81709a,81709a,0,0
817100,将军时装制作图纸,2,91,0,0,0,0,1,81710a,81710a,0,0
817110,领主时装制作图纸,2,91,0,0,0,0,1,81711a,81711a,0,0
817120,魔王时装制作图纸,2,91,0,0,0,0,1,81712a,81712a,0,0
817130,未来时装制作图纸,2,91,0,0,0,0,1,81713a,81713a,0,0
817140,风神时装制作图纸,2,91,0,0,0,0,1,81714a,81714a,0,0
817150,战神时装制作图纸,2,91,0,0,0,0,1,81715a,81715a,0,0
817160,恶魔之铸制作图纸,2,91,0,0,0,0,1,81716a,81716a,0,0
817170,君临之霸制作图纸,2,91,0,0,0,0,1,81717a,81717a,0,0
817180,天空之翼制作图纸,2,91,0,0,0,0,1,81718a,81718a,0,0
817190,神殿之舞制作图纸,2,91,0,0,0,0,1,81719a,81719a,0,0
817200,蝶梦之仙制作图纸,2,91,0,0,0,0,1,81720a,81720a,0,0
25,羽毛,2,90,0,0,0,0,1,6401,64010,1,0
26,皮革,2,90,0,0,0,0,1,6402,64020,1,0
27,狐尾,2,90,0,0,0,0,1,6403,64030,1,0
28,兽齿,2,90,0,0,0,0,1,6404,64040,1,0
29,鹅黄石,2,90,0,0,0,0,1,6405,64050,1,0
30,枫岩,2,90,0,0,0,0,1,6406,64060,1,0
31,魔力螺,2,90,0,0,0,0,1,6407,64070,1,0
32,绿核,2,90,0,0,0,0,1,6408,64080,1,0
33,珍珠贝,2,90,0,0,0,0,1,6409,64090,1,0
34,蓝砂,2,90,0,0,0,0,1,6410,64100,1,0
35,玄晶玉,2,90,0,0,0,0,1,6411,64110,1,0
36,能量魔方,2,90,0,0,0,0,1,6412,64120,1,0
37,冰晶,2,90,0,0,0,0,1,6413,64130,1,0
38,地心岩,2,90,0,0,0,0,1,6414,64140,1,0
39,月碎,2,90,0,0,0,0,1,6415,64150,1,0
40,源淬,2,90,0,0,0,0,1,6416,64160,1,0
41,混沌珠,2,90,0,0,0,0,1,6417,64170,1,0
42,龙翼,2,90,0,0,0,0,1,6418,64180,1,0
43,魔血,2,90,0,0,0,0,1,6419,64190,1,0
44,星辰碎片,2,90,0,0,0,0,1,6420,64200,1,0
45,亚森勋章,2,90,0,0,0,0,1,6501,65010,1,0
46,椰然之泪,2,90,0,0,0,0,1,6502,65020,1,0
47,暮色之翼,2,90,0,0,0,0,1,6503,65030,1,0
48,船岛金币,2,90,0,0,0,0,1,6504,65040,1,0
49,蓝堡药剂,2,90,0,0,0,0,1,6505,65050,1,0
50,神殿种子,2,90,0,0,0,0,1,6506,65060,1,0
100,缘分结,2,91,0,0,0,0,1,100,100,1,0
101,梦娜之友谊,2,91,0,0,0,0,1,51001b,51001b,1,0
102,瑰拉之友谊,2,91,0,0,0,0,10,51002b,51002b,1,0
103,拉法尔之友谊,2,91,0,0,0,0,20,51003b,51003b,1,0
104,米西娅之友谊,2,91,0,0,0,0,30,51004b,51004b,1,0
105,薇亚之友谊,2,91,0,0,0,0,40,51005b,51005b,1,0
106,伊洛蒂之友谊,2,91,0,0,0,0,50,51006b,51006b,1,0
107,蒂娜之友谊,2,91,0,0,0,0,1,52001b,52001b,1,0
108,优利卡之友谊,2,91,0,0,0,0,10,52002b,52002b,1,0
109,卡丽妲之友谊,2,91,0,0,0,0,20,52003b,52003b,1,0
110,嘉百列之友谊,2,91,0,0,0,0,30,52004b,52004b,1,0
111,亚斯之友谊,2,91,0,0,0,0,40,52005b,52005b,1,0
112,爱莱拉之友谊,2,91,0,0,0,0,50,52006b,52006b,1,0
113,凯茜之友谊,2,91,0,0,0,0,1,53001b,53001b,1,0
114,卡希雅之友谊,2,91,0,0,0,0,10,53002b,53002b,1,0
115,黛米之友谊,2,91,0,0,0,0,20,53003b,53003b,1,0
116,朱诺之友谊,2,91,0,0,0,0,30,53004b,53004b,1,0
117,露娜之友谊,2,91,0,0,0,0,40,53005b,53005b,1,0
118,海伦娜之友谊,2,91,0,0,0,0,50,53006b,53006b,1,0
119,伊丝塔之友谊,2,91,0,0,0,0,1,54001b,54001b,1,0
120,义哲法之友谊,2,91,0,0,0,0,10,54002b,54002b,1,0
121,希尔之友谊,2,91,0,0,0,0,20,54003b,54003b,1,0
122,沙狄之友谊,2,91,0,0,0,0,30,54004b,54004b,1,0
123,阿拉姆之友谊,2,91,0,0,0,0,40,54005b,54005b,1,0
124,诺维娅之友谊,2,91,0,0,0,0,50,54006b,54006b,1,0
125,莎珂拉之友谊,2,91,0,0,0,0,1,55001b,55001b,1,0
126,斐奥娜之友谊,2,91,0,0,0,0,10,55002b,55002b,1,0
127,萨莉之友谊,2,91,0,0,0,0,20,55003b,55003b,1,0
128,黛妮之友谊,2,91,0,0,0,0,30,55004b,55004b,1,0
129,赛莉娜之友谊,2,91,0,0,0,0,40,55005b,55005b,1,0
130,丝诺之友谊,2,91,0,0,0,0,50,55006b,55006b,1,0
131,凯尔之友谊,2,91,0,0,0,0,1,56001b,56001b,1,0
132,克斯玛之友谊,2,91,0,0,0,0,10,56002b,56002b,1,0
133,卡西欧之友谊,2,91,0,0,0,0,20,56003b,56003b,1,0
134,穆利尔之友谊,2,91,0,0,0,0,30,56004b,56004b,1,0
135,赛拉之友谊,2,91,0,0,0,0,40,56005b,56005b,1,0
136,赛西尔之友谊,2,91,0,0,0,0,50,56006b,56006b,1,0
137,爱妮梦之友谊,2,91,0,0,0,0,1,57001b,57001b,1,0
138,亚欧之友谊,2,91,0,0,0,0,10,57002b,57002b,1,0
139,皮诺之友谊,2,91,0,0,0,0,20,57003b,57003b,1,0
140,莱蕾之友谊,2,91,0,0,0,0,30,57004b,57004b,1,0
141,查德西尔之友谊,2,91,0,0,0,0,40,57005b,57005b,1,0
142,哀弥夜之友谊,2,91,0,0,0,0,50,57006b,57006b,1,0
143,卡洛莉之友谊,2,91,0,0,0,0,50,58001b,58001b,1,0
144,爱丽丝之友谊,2,91,0,0,0,0,50,58002b,58002b,1,0
145,赫拉之友谊,2,91,0,0,0,0,50,58003b,58003b,1,0
146,阿忒弥斯之友谊,2,91,0,0,0,0,50,58004b,58004b,1,0
147,波塞冬之友谊,2,91,0,0,0,0,50,58005b,58005b,1,0
148,哈迪斯之友谊,2,91,0,0,0,0,50,58006b,58006b,1,0
